Country,Year,Exports of goods and services (current US$),External balance on goods and services (current US$),Final consumption expenditure (% of GDP),Migrant remittance inflows (% of GDP),GDP (current US$),GDP growth (annual %),"GDP per capita, PPP (current international $)",GNI (current US$),Imports of goods and services (current US$)
Burundi,1960-01-01,24499997.97599,-1750001.998285,94.6428599307582,,195999989.80792,,,193892003.809986,26249999.974275
Burundi,1961-01-01,26249999.974275,-3499999.99657,94.8275889587227,,202999991.80106,-13.7461350539839,,200819997.803196,29749999.970845
Burundi,1962-01-01,27999999.97256,-6999999.99314,95.9016403962068,,213500005.79077,9.06315793386563,,211212001.793012,34999999.9657
Burundi,1963-01-01,17499999.98285,-15749999.984565,100.751877987127,,232749997.771905,4.13540742185575,,230277999.774328,33249999.967415
Burundi,1964-01-01,36749999.963985,5249997.994855,92.6174452888224,,260750007.744465,6.27303790087062,,257986007.747174,31500001.96913
Burundi,1965-01-01,16452740.7251167,-3476148.14484709,96.4197328403602,,158994962.811977,3.96722560928015,,157479110.961564,19928888.8699638
Burundi,1966-01-01,17828571.4107429,-3666285.71061943,95.4484540355337,,165444571.263127,4.61299289557684,,156047999.843952,21494857.1213623
Burundi,1967-01-01,19257142.8378857,-1934857.14092229,94.2337029677585,,178297142.678846,13.8215186020874,,166971428.404457,21191999.978808
Burundi,1968-01-01,18861714.2668526,-5626285.70865943,94.8814722395508,,183199999.8168,-0.297883673472171,,169679999.83032,24487999.975512
Burundi,1969-01-01,18371428.5530571,-4633142.85250971,94.14708886619,,190205714.095509,-1.45954114245622,,178171428.393257,23004571.4055669
Burundi,1970-01-01,25945142.8311977,-2262857.14059429,96.4014482722903,,242732571.185839,21.3256707328654,,235283428.336145,28207999.971792
Burundi,1971-01-01,21329142.8375912,-14502857.1295629,98.128251603484,,252842285.482514,2.74682871213831,,243766856.919404,35831999.967154
Burundi,1972-01-01,28961142.8571429,-8244571.42857143,100.15883012123,,246804571.428571,-6.40396492407875,,235406857.142857,37205714.2857143
Burundi,1973-01-01,33526603.8537475,-7050208.68217829,97.0047341213955,,304339839.552146,6.88905071896333,,295982555.669407,40576812.5359258
Burundi,1974-01-01,33674920.6349206,-19958095.2380952,101.728240681145,,345263492.063492,-0.726839562746335,,336273015.873016,53633015.8730159
Burundi,1975-01-01,34839365.0793651,-45155555.5555556,103.146048436477,,420986666.666667,0.697920236215197,,412341587.301587,79994920.6349206
Burundi,1976-01-01,61551304.3478261,-13122318.8405797,93.8379753643124,,448412753.623188,7.9426609761414,,437150144.927536,74673623.1884058
Burundi,1977-01-01,96342222.2222222,1665555.55555556,88.4993770064653,,547535555.555556,11.4694530439125,,537186666.666667,94676666.6666667
Burundi,1978-01-01,71443333.3333333,-51983333.3333333,94.4818218400118,,610225555.555556,-0.940575988409648,,595765555.555556,123426666.666667
Burundi,1979-01-01,110822222.222222,-66977777.7777778,93.6432814055296,,782496666.666667,1.66495495023543,,772336666.666667,177800000.0
Burundi,1980-01-01,81022222.2222222,-133201111.111111,100.596916475185,,919726666.666667,0.991055725106477,,921813333.333333,214223333.333333
Burundi,1981-01-01,88603333.3333333,-124952222.222222,95.8881695870626,,969046666.666667,12.1632755698283,,966146666.666667,213555555.555556
Burundi,1982-01-01,103470000.0,-169162222.222222,102.238074350258,,1013222222.22222,-1.05359982021012,,1005555555.55556,272632222.222222
Burundi,1983-01-01,97956966.1108123,-170043033.889188,92.8753799996026,,1082926304.46477,3.71532699139112,,1073595481.44164,268000000.0
Burundi,1984-01-01,113561106.006182,-118934090.719238,93.6774673989388,,987143931.166987,0.155544004959737,,974118285.857489,232495196.72542
Burundi,1985-01-01,126803836.274753,-112241235.39647,95.8990098061114,,1149979285.77347,11.7831801786654,,1131604109.70254,239045071.671224
Burundi,1986-01-01,140881024.787597,-127291596.741701,98.9483906822837,,1201725497.06578,3.25018045970241,,1181080844.35491,268172621.529298
Burundi,1987-01-01,110260311.589511,-180963682.421496,93.3813571857744,,1131466494.01101,5.50309611952244,,1103051149.23924,291223994.011007
Burundi,1988-01-01,136282900.38819,-144635190.71192,98.3274049116896,,1082403219.48787,5.03102436749121,,1059467929.76958,280918091.10011
Burundi,1989-01-01,108560193.991189,-147013717.408157,96.7348214639335,,1113924130.41149,1.34950223651784,,1096300427.94028,255573911.399346
Burundi,1990-01-01,89130244.3724271,-225312545.619106,105.365229680521,,1132101252.51817,3.49982213611253,609.371647541677,1117211760.24058,314442789.991533
Burundi,1991-01-01,115775316.368525,-216993753.615444,104.177994695561,,1167398478.3459,4.99683644792125,648.330867116989,1156153553.73995,332769069.983968
Burundi,1992-01-01,94756920.9276871,-224489561.360134,110.089472302158,,1083037670.60484,1.00999837099629,652.512222508418,1069379682.96184,319246482.287821
Burundi,1993-01-01,88062144.1515651,-166880195.222405,106.238925630672,,938632612.026359,-6.24000000139047,647.477043592149,928818579.07743,254942339.37397
Burundi,1994-01-01,95016968.8478329,-168448010.195399,111.235866332322,,925030590.153683,-3.82999999619828,632.424953909955,913654989.848138,263464979.043231
Burundi,1995-01-01,129318804.202468,-143580889.901425,107.988504318493,,1000428393.88528,-7.92000000374772,559.836299430181,988018268.88428,272899694.103893
Burundi,1996-01-01,50580560.1981833,-86321830.2229562,101.723274078297,,869033856.317093,-7.99999999794093,524.681068398009,855125492.320396,136902390.42114
Burundi,1997-01-01,95688945.6506315,-44796367.2484745,98.5075845974329,,972896267.915425,-1.58999999685828,525.83172726084,960396267.915425,140485312.899106
Burundi,1998-01-01,71499425.8531711,-102252107.221222,104.668915542229,,893770739.54206,4.74999999509613,546.719839805259,885470740.249275,173751533.074394
Burundi,1999-01-01,61217971.467102,-67783377.1027042,102.503293807642,,808077223.365746,-1.00999999649815,535.962337056464,796772713.286962,129001348.569806
Burundi,2000-01-01,55005758.5302566,-86315511.9541538,107.134645590619,,870486065.883137,-0.856864058424151,532.425919852103,884786065.883137,141321270.48441
Burundi,2001-01-01,45410971.2771723,-92989703.1372313,106.137382722716,,876794723.068586,2.05580710835243,542.030190166285,864477157.825014,138400674.414404
Burundi,2002-01-01,38676370.9162601,-101541858.305899,108.353560845808,,825394519.71933,4.44651941224797,559.112337329033,811709107.197696,140218229.222159
Burundi,2003-01-01,50072047.4404685,-114665348.875875,106.744693991586,,784654423.620476,-1.22372796023444,545.775539314511,766758030.795662,164737396.316344
Burundi,2004-01-01,63635537.873214,-161731658.355361,107.323524477722,0.00464861456671276,915257323.3961,4.83365776809453,566.091631453863,887956197.145997,225367196.228575
Burundi,2005-01-01,69261012.8141571,-253584652.535964,104.496393112649,0.00640518063175636,1117113080.08074,0.900000000901912,567.700700411859,1099326369.53165,322845665.350121
Burundi,2006-01-01,92956380.7267365,-353998271.808668,109.28702954424,0.000927072401687028,1273375078.44844,5.41380714491444,595.205565689488,1264550109.90148,446954652.535404
Burundi,2007-01-01,92221560.1507994,-341762225.137499,110.013549332041,0.0143971836780267,1356199386.79629,3.45194856381943,609.593595544823,1350312448.56055,433983785.288299
Burundi,2008-01-01,169242769.15919,-422300979.246277,112.791016247379,0.224916987745945,1611835856.59275,4.86171636712641,625.243739608448,1607531530.49313,591543748.405467
Burundi,2009-01-01,117576044.139912,-402608915.368018,103.625141398005,1.55533407710315,1781455140.34202,3.81274536633418,620.896733786154,1764475743.70941,520184959.507929
Burundi,2010-01-01,197117146.88489,-408459216.547115,102.939620886773,1.70208516668637,2032135191.46211,5.12415999439806,630.358192954177,2021267250.68353,605576363.432006
Burundi,2011-01-01,196752237.511961,-567898536.167605,109.054237331417,1.95458819149959,2235820808.72908,4.03259998844415,646.103127483227,2218331579.97685,764650773.679566
Burundi,2012-01-01,226242999.918978,-567309538.221038,107.97505420609,,2333341334.45753,4.44670633111495,651.952327282116,2326835709.91274,793552538.140016
Burundi,2013-01-01,222979900.959698,-696588891.645666,113.780899579302,,2451606631.76696,4.92418989834684,696.497000211236,2453391157.75124,919568792.605364
Burundi,2014-01-01,235295491.868639,-692761257.397532,111.399954934278,,2705783330.38796,4.24065021402657,728.870060256426,2698322226.43672,928056749.266171
Burundi,2015-01-01,199192398.999512,-310516328.982261,97.8402919508163,,3104003545.60675,-3.9000000804855,797.05011411535,3104359891.80811,509708727.981773
Burundi,2016-01-01,168837908.943205,-271712679.956202,101.037246321854,,2644487777.23693,-0.600000909116389,766.587220607525,2643216721.24879,440550588.899407
Burundi,2017-01-01,164138992.683104,-277455737.890157,101.381131464551,,2723586962.18686,0.500001262429279,750.787616270977,2725061087.21683,441594730.57326
Burundi,2018-01-01,151646759.766689,-406169009.588607,104.124953712126,,2667182198.97925,1.60993542127714,758.249031649132,2672837527.58809,557815769.355296
Burundi,2019-01-01,133258587.031036,-481348606.556433,104.553419999993,,2576518879.39881,1.81256532401552,760.604126130591,2583934017.54779,614607193.587469
Burundi,2020-01-01,120542434.059074,-468322772.096447,106.228720000419,,2649680261.01097,0.327156892638385,751.200911871257,2664225061.97908,588865206.155521
Burundi,2021-01-01,138797984.672886,-522352019.461937,105.705459999731,,2775798697.16485,3.09999999870627,787.942778733935,2783915268.64852,661150004.134822
Burundi,2022-01-01,152782473.099435,-564682254.563355,104.986242322116,,3073414677.84385,1.84899999899326,836.18756902761,3087401240.71312,717464727.66279
Djibouti,1960-01-01,,,,,,,,,
Djibouti,1961-01-01,,,,,,,,,
Djibouti,1962-01-01,,,,,,,,,
Djibouti,1963-01-01,,,,,,,,,
Djibouti,1964-01-01,,,,,,,,,
Djibouti,1965-01-01,,,,,,,,,
Djibouti,1966-01-01,,,,,,,,,
Djibouti,1967-01-01,,,,,,,,,
Djibouti,1968-01-01,,,,,,,,,
Djibouti,1969-01-01,,,,,,,,,
Djibouti,1970-01-01,,,,,,,,,
Djibouti,1971-01-01,,,,,,,,,
Djibouti,1972-01-01,,,,,,,,,
Djibouti,1973-01-01,,,,,,,,,
Djibouti,1974-01-01,,,,,,,,,
Djibouti,1975-01-01,,,,,,,,,
Djibouti,1976-01-01,,,,,,,,,
Djibouti,1977-01-01,,,,,,,,,
Djibouti,1978-01-01,,,,,,,,,
Djibouti,1979-01-01,,,,,,,,,
Djibouti,1980-01-01,,,,,,,,,
Djibouti,1981-01-01,,,,,,,,,
Djibouti,1982-01-01,,,,,,,,,
Djibouti,1983-01-01,,,,,,,,,
Djibouti,1984-01-01,,,,,,,,,
Djibouti,1985-01-01,,,,,340989527.969913,,,,
Djibouti,1986-01-01,,,,,,,,,
Djibouti,1987-01-01,,,,,373371738.286415,,,,
Djibouti,1988-01-01,,,,,395794538.630775,,,,
Djibouti,1989-01-01,,,,,409220087.102818,,,,
Djibouti,1990-01-01,,,,,452328087.282876,,,,
Djibouti,1991-01-01,,,,2.83760077745031,462421998.525779,,,482914793.412146,
Djibouti,1992-01-01,,,,2.74478867777567,478058304.871118,,,498044688.022237,
Djibouti,1993-01-01,,,,4.08443648172326,466048469.22986,,,489067695.995409,
Djibouti,1994-01-01,,,,2.75566886823346,491689220.744875,,,508327659.6463,
Djibouti,1995-01-01,,,,2.38875815932632,497723960.589913,,,515031988.341276,
Djibouti,1996-01-01,,,,2.21538803343571,494004647.73437,,,509742799.106465,
Djibouti,1997-01-01,,,,2.28239446644643,502675542.001227,,,514863184.429527,
Djibouti,1998-01-01,,,,2.32175945772496,514267869.300758,,,524857501.364498,
Djibouti,1999-01-01,,,,2.1569661812756,536080148.097299,,,548464728.42264,
Djibouti,2000-01-01,,,,2.22936080394915,551230861.856505,,,567019654.402125,
Djibouti,2001-01-01,,,,2.08688437972543,572417440.820162,,,584835781.927853,
Djibouti,2002-01-01,,,,2.53010809549329,591122039.601398,,,606415674.005886,
Djibouti,2003-01-01,,,,3.96561206397858,622044665.515049,,,642959470.180789,
Djibouti,2004-01-01,,,,3.71446673730594,666072101.777505,,,688601797.19898,
Djibouti,2005-01-01,,,,3.64671478137483,708633194.726566,,,729424209.857023,
Djibouti,2006-01-01,,,,3.70302608988553,768873684.032838,,,791915417.986619,
Djibouti,2007-01-01,,,,3.37772822893928,847918929.107984,,,871804682.620512,
Djibouti,2008-01-01,,,,3.08675558505061,999105339.267729,,,1031814867.12319,
Djibouti,2009-01-01,,,,3.09484603500816,1049110684.72493,,,1070790733.7906,
Djibouti,2010-01-01,,,,,1128611700.3618,,,1145970369.28669,
Djibouti,2011-01-01,,,,,1239144501.77525,,,1247888544.40387,
Djibouti,2012-01-01,,,,,1353632941.5207,,,1381266141.87406,
Djibouti,2013-01-01,3197791277.3392,-713349981.15023,78.0462256665624,,2042817162.85639,,3730.36651230337,2014984773.88716,3911141258.48943
Djibouti,2014-01-01,3507482741.48806,384928046.769937,79.7647366341798,,2214679081.25658,7.06154324233921,3897.11431214617,2191027402.50167,3122554694.71813
Djibouti,2015-01-01,3525582232.82561,544982877.093872,81.4667656744001,,2424391785.43897,7.52610891881017,4144.97437037023,2397387660.99673,2980599355.73174
Djibouti,2016-01-01,2703006397.66826,-144417373.298597,83.6080082696857,,2604955228.70117,7.1234323372872,4263.13340598945,2524970308.51728,2847423770.96685
Djibouti,2017-01-01,4146589316.96311,-159435294.647228,84.1384355344955,,2762581334.22612,5.458091517212,4451.68384614482,2635915380.28708,4306024611.61033
Djibouti,2018-01-01,4563067954.82807,374120109.610007,84.3719666605345,,2913466732.12507,4.7744168883374,4699.70967027594,2771291986.31563,4188947845.21807
Djibouti,2019-01-01,5149667174.954,385998278.2001,85.2219813272841,,3088853638.56832,5.5451305999467,4970.33421940026,2995009917.22982,4763668896.7539
Djibouti,2020-01-01,3682879344.59068,268032477.872621,90.6588982059943,,3181071153.6622,1.20202203296475,5020.17079022105,3082506549.59178,3414846866.71806
Djibouti,2021-01-01,,,,,3372287461.80812,4.80000000000001,5420.92776468019,3311945690.15479,
Djibouti,2022-01-01,,,,,3515109075.46098,3.0,5893.18486342005,3448109075.46098,
Eritrea,1960-01-01,,,,,,,,,
Eritrea,1961-01-01,,,,,,,,,
Eritrea,1962-01-01,,,,,,,,,
Eritrea,1963-01-01,,,,,,,,,
Eritrea,1964-01-01,,,,,,,,,
Eritrea,1965-01-01,,,,,,,,,
Eritrea,1966-01-01,,,,,,,,,
Eritrea,1967-01-01,,,,,,,,,
Eritrea,1968-01-01,,,,,,,,,
Eritrea,1969-01-01,,,,,,,,,
Eritrea,1970-01-01,,,,,,,,,
Eritrea,1971-01-01,,,,,,,,,
Eritrea,1972-01-01,,,,,,,,,
Eritrea,1973-01-01,,,,,,,,,
Eritrea,1974-01-01,,,,,,,,,
Eritrea,1975-01-01,,,,,,,,,
Eritrea,1976-01-01,,,,,,,,,
Eritrea,1977-01-01,,,,,,,,,
Eritrea,1978-01-01,,,,,,,,,
Eritrea,1979-01-01,,,,,,,,,
Eritrea,1980-01-01,,,,,,,,,
Eritrea,1981-01-01,,,,,,,,,
Eritrea,1982-01-01,,,,,,,,,
Eritrea,1983-01-01,,,,,,,,,
Eritrea,1984-01-01,,,,,,,,,
Eritrea,1985-01-01,,,,,,,,,
Eritrea,1986-01-01,,,,,,,,,
Eritrea,1987-01-01,,,,,,,,,
Eritrea,1988-01-01,,,,,,,,,
Eritrea,1989-01-01,,,,,,,,,
Eritrea,1990-01-01,,,,,,,,,
Eritrea,1991-01-01,,,,,,,,,
Eritrea,1992-01-01,54502214.5615604,-159972072.524164,125.719120135364,,477101651.648376,,,477101651.648376,214474287.085724
Eritrea,1993-01-01,142966419.337566,-191578061.65379,124.417559061555,,467872714.755603,13.4547625007102,,467872714.755603,334544480.991356
Eritrea,1994-01-01,148977272.727273,-291590909.090909,129.979848558867,,531688311.688312,21.2214111876814,,531888311.688312,440568181.818182
Eritrea,1995-01-01,129406250.0,-349968750.0,138.253183034628,,578015625.0,2.8583790589487,,585565625.0,479375000.0
Eritrea,1996-01-01,202746708.19765,-403291015.778627,130.560722224743,,693535954.190067,9.25883856340832,,685835952.616924,606037723.976277
Eritrea,1997-01-01,203302823.650328,-385705357.018847,124.904403701651,,686490090.140141,7.90868457794079,,683315115.487715,589008180.669176
Eritrea,1998-01-01,110594498.170854,-486517910.016015,132.971739580784,0.361037438541247,745523074.705326,1.77258309100318,,749830762.798684,597112408.18687
Eritrea,1999-01-01,65684298.3248767,-531779097.960168,131.676241431496,0.527492088482532,688918508.948029,0.0134800959108077,,695016538.623513,597463396.285045
Eritrea,2000-01-01,68310441.5584416,-342873246.753247,126.543365450038,0.518426587594697,706370815.584416,-3.14198590251638,,706846472.727273,411183688.311688
Eritrea,2001-01-01,81309111.4604177,-379561208.480297,115.188007302697,,752371683.199361,8.75543552816325,,750014009.299377,460870319.940715
Eritrea,2002-01-01,85922705.0204021,-386743251.708837,123.478868667512,,729321671.445917,3.0054291917378,,723218955.078535,472665956.729239
Eritrea,2003-01-01,56064248.0446132,-531923331.984286,134.579209043519,,870248293.678303,-2.65551592487554,,860583719.714802,587987580.0289
Eritrea,2004-01-01,64052293.7443336,-599112181.323663,133.757186484533,,1109054005.43971,1.45173556595506,,1093759651.85857,663164475.067996
Eritrea,2005-01-01,67725718.6237561,-535752306.48266,128.435164661064,,1098424709.48675,2.57444955124846,,1089002488.95155,603478025.106416
Eritrea,2006-01-01,83564227.6422764,-381053658.536585,117.780710725615,,1211161879.6748,-0.969217110711355,,1202459440.65041,464617886.178862
Eritrea,2007-01-01,76071544.7154472,-303343089.430894,110.342278951444,,1317974491.05691,1.42682221120323,,1310746757.72358,379414634.146341
Eritrea,2008-01-01,61125203.2520325,-299548403.252033,108.989896270961,,1380188800.0,-9.78303001782456,,1368434686.17886,360673606.504065
Eritrea,2009-01-01,84082757.7235772,-351191993.495935,109.6510979182,,1856695551.21951,3.8765015275421,,1840533600.0,435274751.219512
Eritrea,2010-01-01,101385281.300813,-392844169.105691,145.51703888898,,1589515447.15447,2.19419034888082,,1569887473.17073,494229450.406504
Eritrea,2011-01-01,374897684.552846,-228887167.479675,124.788679786075,,2065001626.01626,8.67980010138049,,2041455160.97561,603784852.03252
Eritrea,2012-01-01,,,,,,,,,
Eritrea,2013-01-01,,,,,,,,,
Eritrea,2014-01-01,,,,,,,,,
Eritrea,2015-01-01,,,,,,,,,
Eritrea,2016-01-01,,,,,,,,,
Eritrea,2017-01-01,,,,,,,,,
Eritrea,2018-01-01,,,,,,,,,
Eritrea,2019-01-01,,,,,,,,,
Eritrea,2020-01-01,,,,,,,,,
Eritrea,2021-01-01,,,,,,,,,
Eritrea,2022-01-01,,,,,,,,,
Ethiopia,1960-01-01,,,,,,,,,
Ethiopia,1961-01-01,,,,,,,,,
Ethiopia,1962-01-01,,,,,,,,,
Ethiopia,1963-01-01,,,,,,,,,
Ethiopia,1964-01-01,,,,,,,,,
Ethiopia,1965-01-01,,,,,,,,,
Ethiopia,1966-01-01,,,,,,,,,
Ethiopia,1967-01-01,,,,,,,,,
Ethiopia,1968-01-01,,,,,,,,,
Ethiopia,1969-01-01,,,,,,,,,
Ethiopia,1970-01-01,,,,,,,,,
Ethiopia,1971-01-01,,,,,,,,,
Ethiopia,1972-01-01,,,,,,,,,
Ethiopia,1973-01-01,,,,,,,,,
Ethiopia,1974-01-01,,,,,,,,,
Ethiopia,1975-01-01,,,,,,,,,
Ethiopia,1976-01-01,,,,,,,,,
Ethiopia,1977-01-01,,,,,,,,,
Ethiopia,1978-01-01,,,,,,,,,
Ethiopia,1979-01-01,,,,,,,,,
Ethiopia,1980-01-01,,,,,,,,,
Ethiopia,1981-01-01,,,,0.144213626162881,7324903191.9444,,,7317850051.84437,
Ethiopia,1982-01-01,,,,0.13326212749103,7707678023.04719,0.916013856738189,,7698885752.51154,
Ethiopia,1983-01-01,,,,0.12954043379086,8567890825.39512,8.23500571913686,,8554364255.34027,
Ethiopia,1984-01-01,,,,0.14309815012072,8096302370.73509,-2.84802145221472,,8076785462.51389,
Ethiopia,1985-01-01,,,,0.150954066249445,9480840483.09179,-11.1443529779265,,9447700386.47343,
Ethiopia,1986-01-01,,,,0.138891214019248,9848600869.56522,9.6616123612221,,9817322463.76812,
Ethiopia,1987-01-01,,,,0.0818471363591038,10527338647.343,13.8593303949746,,10480006666.6667,
Ethiopia,1988-01-01,,,,0.104419346014604,10908935748.7923,0.503674879297762,,10844346376.8116,
Ethiopia,1989-01-01,,,,0.0568379658984421,11476584879.2271,-0.36104417975227,,11396246714.9758,
Ethiopia,1990-01-01,,,,0.043181113862974,12175166763.285,2.72645178272658,414.651457526046,12108119661.8358,
Ethiopia,1991-01-01,,,,0.0730344123394336,13463868357.4879,-7.13747970027428,381.661247291586,13390412125.6039,
Ethiopia,1992-01-01,,,,0.144232184112801,10492993077.6093,-8.67248014788842,342.288398612716,10429217520.0714,
Ethiopia,1993-01-01,,,,0.245492221080685,8830712713.90781,13.1428339765154,383.334725080449,8734430671.62956,
Ethiopia,1994-01-01,,,,0.338467166090503,6927950564.55657,3.18996458217961,390.727908136444,6848460204.38158,
Ethiopia,1995-01-01,,,,0.354270169237125,7663984567.90123,6.12751141376545,409.691560275838,7603562639.92836,
Ethiopia,1996-01-01,,,,0.189756633550029,8547939730.62374,12.4261737774646,454.246287205945,8504359178.89306,
Ethiopia,1997-01-01,,,,0.107213602658404,8589233419.59411,3.13390685087593,461.883772466985,8492287692.06701,
Ethiopia,1998-01-01,,,,0.349981069267794,7818205971.60231,-3.45813913371742,437.338469855253,7751792444.55961,
Ethiopia,1999-01-01,,,,0.455687020800627,7700833482.00615,5.16214582105535,452.484476165329,7648343127.98732,
Ethiopia,2000-01-01,,,,0.655413919739139,8242349955.05111,6.07321747957957,476.528464196205,8182221496.31256,
Ethiopia,2001-01-01,,,,0.227686240475777,8231326016.47494,8.30130632052328,512.520781339025,8180069454.11753,
Ethiopia,2002-01-01,,,,0.424636271484654,7850809498.16803,1.51472570631101,513.120316650617,7797207615.85915,
Ethiopia,2003-01-01,,,,0.544214706811199,8623691300.04079,-2.16135972205798,497.275623822034,8557581131.63568,
Ethiopia,2004-01-01,,,,1.33271921090078,10131187261.4421,13.5726031368695,563.508562084278,10067656708.6258,
Ethiopia,2005-01-01,,,,1.41237616461969,12401139453.9738,11.8187659466494,631.673170550399,12365354408.4331,
Ethiopia,2006-01-01,,,,1.1375588166668,15280861834.6024,10.834727065877,701.600498674121,15242461910.6314,
Ethiopia,2007-01-01,,,,1.86544748249787,19707616772.7996,11.4561670000236,780.532556968826,19721806402.0923,
Ethiopia,2008-01-01,,,,1.49502544618091,27066912635.2228,10.7885216853725,856.659778813973,27086850118.9961,
Ethiopia,2009-01-01,,,,0.918639289495309,32437389116.038,8.80255319782566,912.108359381051,32395738209.0412,
Ethiopia,2010-01-01,,,,1.29876707012177,29933790334.3418,12.5505383459308,1010.02202703432,29825574928.2445,
Ethiopia,2011-01-01,5331910669.97519,-4747934243.17618,82.751559242302,1.69680321544505,31952763089.33,11.1782962271641,1114.04597197907,31883271774.1935,10079844913.1514
Ethiopia,2012-01-01,5962716169.22631,-7736727470.29846,80.7653421516977,,43310721414.0829,8.64781163337416,1191.44062232971,43214529006.0852,13699443639.5248
Ethiopia,2013-01-01,5948445849.18128,-7863699950.93132,82.4225180598128,,47648276190.2977,10.5822700482672,1261.11329988192,47541494762.5555,13812145800.1126
Ethiopia,2014-01-01,6474164234.1889,-9708696233.85338,79.464116915399,,55612228233.5179,10.2574929610051,1488.62575532765,55459432981.0435,16182860468.0423
Ethiopia,2015-01-01,6047701456.97486,-13518221715.3736,80.2582239654207,,64589329344.6937,10.3924630202334,1630.87746187943,64326829118.7808,19565923172.3485
Ethiopia,2016-01-01,5804121577.0604,-14320617321.858,77.6013218570025,,74296745599.0048,9.43348265784402,1848.66111635863,74054064227.2796,20124738898.9184
Ethiopia,2017-01-01,6238602388.0684,-12956510400.5022,77.6399426883444,,81770886908.5198,9.56418964295607,1987.96875367138,81285286019.9267,19195112788.5706
Ethiopia,2018-01-01,7055586649.08425,-12180289171.1517,75.9146883285056,,84269196152.0333,6.81614779681703,2117.15936214803,83891882426.4274,19235875820.236
Ethiopia,2019-01-01,7615438637.68393,-12406629414.9406,77.8753589611228,,95912607970.1686,8.3640856990789,2274.18556583461,95323017000.1641,20022068052.6246
Ethiopia,2020-01-01,7672983060.57996,-10498471943.0887,79.1727439123585,,107657734392.446,6.05953088643369,2379.44788754796,107045139885.794,18171455003.6686
Ethiopia,2021-01-01,8491174948.09812,-10053138592.737,81.0563420813944,,111261882913.342,5.64153071739351,2559.09732379261,110688250470.517,18544313540.8351
Ethiopia,2022-01-01,10453358910.8254,-12775638937.8403,84.7366593596337,,126783472501.134,5.31709602984485,2811.58174439039,126210515632.774,23228997848.6657
Kenya,1960-01-01,246049901.368436,-20370005.8344795,82.8570998374635,,791265458.813328,,,764959553.358313,266419907.202916
Kenya,1961-01-01,259433896.003328,12585994.9547781,83.2221106696974,,792959472.134266,-7.77463490371655,,770307593.214498,246847901.04855
Kenya,1962-01-01,278123874.511264,16603979.3441288,83.534389169446,,868111400.008864,9.45735874072126,,845025507.263075,261519895.167135
Kenya,1963-01-01,296813881.019188,28447988.5963393,83.9903388956225,,926589348.567393,8.77834021621184,,898911499.662336,268365892.422848
Kenya,1964-01-01,333479880.321255,41719997.2761219,82.7586315168769,,998759333.637333,4.96446728844091,,969023471.557251,291759883.045133
Kenya,1965-01-01,313319874.402595,6999997.19398112,84.9046113649302,,997919319.974061,2.00909417103099,,971879330.412451,306319877.208614
Kenya,1966-01-01,377439848.699462,17919992.8165917,79.850892059282,,1164519673.19064,14.7285664015687,,1130079686.99626,359519855.88287
Kenya,1967-01-01,350839859.362334,-11199995.5103698,80.7360517946388,,1232559505.9162,3.36123203258556,,1194059507.34931,362039854.872704
Kenya,1968-01-01,397879840.505887,1399999.43879622,79.8477095919887,,1353295457.51798,7.9826899693479,,1313695451.39204,396479841.067091
Kenya,1969-01-01,430639827.373719,20999991.5819434,79.1878563885956,,1458379415.39403,7.9592244594956,,1431879414.01682,409639835.791775
Kenya,1970-01-01,478239808.29279,-13439994.6124438,76.4415097963888,,1603447357.24209,-4.65544691647621,,1580547356.42179,491679802.905234
Kenya,1971-01-01,509319796.431619,-116480233.444392,82.6337421670813,,1778391289.20054,22.1738919255764,,1753793803.03183,625800029.876011
Kenya,1972-01-01,560279775.966529,-45079981.9743184,79.8033483922402,,2107279157.38336,17.082429349983,,2073233256.99695,605359757.940847
Kenya,1973-01-01,687311707.747939,-31994267.6471021,75.4639644768302,,2509001444.1602,5.89658021016672,,2406644583.46829,719305975.395042
Kenya,1974-01-01,1000159880.07607,-214479634.238173,81.4650702366362,,2969958812.43227,4.06561734893735,,2868923022.83244,1214639514.31424
Kenya,1975-01-01,972056798.310099,-152794696.969184,86.5463399348208,0.175482577074268,3259344935.75357,0.882203175319148,,3166423699.839,1124851495.27928
Kenya,1976-01-01,1127505379.78481,24142285.0948703,79.0657711887727,0.20638414967726,3474542392.04597,2.15396450322561,,3332518977.83259,1103363094.68994
Kenya,1977-01-01,1571184005.44674,151270560.967342,72.8533792139362,0.0806494972872126,4494378855.32203,9.45379784408087,,4336117057.15223,1419913444.47939
Kenya,1978-01-01,1534663179.45175,-517246955.947402,80.010537973294,0.239055875658624,5303734882.5116,6.91249354626197,,5116186699.47144,2051910135.39915
Kenya,1979-01-01,1605552323.52448,-365202286.554061,83.7009698738306,0.283237490333271,6234390975.29871,7.61522604591983,,6009860944.12503,1970754610.07855
Kenya,1980-01-01,2144500526.72449,-463735451.491453,81.8289711805242,0.178074562100395,7265315331.62273,5.5919762059677,,7043415251.57463,2608235978.21595
Kenya,1981-01-01,2087869962.01704,-230339915.343754,80.3244324045408,0.108036635703597,6854491453.91471,3.77354419402822,,6639891414.36481,2318209877.3608
Kenya,1982-01-01,1714496080.36751,-315199172.354225,81.9360606310803,0.109611973611044,6431579357.30273,1.50647825757706,,6177179941.41386,2029695252.72173
Kenya,1983-01-01,1551597959.74891,-135299729.189497,79.5659373657218,0.0954867436688125,5979198463.82274,1.3090502411486,,5788798702.20208,1686897688.93841
Kenya,1984-01-01,1656202769.96755,-328400773.573488,81.6066766320121,0.0941254513031959,6191437070.43467,1.75521697703473,,5987636718.33512,1984603543.54104
Kenya,1985-01-01,1552098224.32647,-297400000.205871,75.702637394903,0.103162731269232,6135034338.30431,4.30056181879613,,5925734552.4154,1849498224.53234
Kenya,1986-01-01,1871195192.4321,-292799151.967812,78.2418385121088,0.138770409039852,7239126716.93219,7.17755539065963,,6999527333.43981,2163994344.39991
Kenya,1987-01-01,1698200957.28674,-405900111.367766,80.8220452317016,0.131904193385325,7970820530.76691,5.93710744420895,,7690920392.05099,2104101068.6545
Kenya,1988-01-01,1869200100.29808,-437199897.448034,79.9477866021489,0.144317874807117,8355380879.12955,6.20318382314591,,8031680877.43913,2306399997.74611
Kenya,1989-01-01,1907852234.54001,-587299199.25337,86.9416874359244,0.135560118586485,8283114648.38116,4.69034876792047,,8038979096.65668,2495151433.79338
Kenya,1990-01-01,2202462461.615,-483112595.517009,81.0321042819505,0.0916340131422029,8572359162.86876,4.19205097155167,1708.98730447745,8206604541.75836,2685575057.13201
Kenya,1991-01-01,2204295652.39519,-123448966.113936,80.2857215189738,0.0470944866218481,8151488881.9683,1.43834679171559,1735.54907960673,7777934915.58777,2327744618.50913
Kenya,1992-01-01,2155745807.83338,-33667387.1319859,82.9865234663195,1.01712139460585,8209120678.11342,-0.799493958641349,1708.23755694137,7854629242.47677,2189413194.96537
Kenya,1993-01-01,2237653790.71746,284643206.478012,77.6059319028015,,5751786609.50323,0.353197256227247,1704.03050080194,5391612266.95938,1953010584.23944
Kenya,1994-01-01,2647694302.86844,201180098.509248,77.5713135607172,0.99835810728649,7148148564.04239,2.632784517837,1735.53045899454,6785824880.47625,2446514204.35919
Kenya,1995-01-01,2948349649.84656,-593650216.638203,84.1046572005452,0.967220385270164,9046320196.77295,4.40621652482287,1798.74762302391,8726165212.14989,3541999866.48476
Kenya,1996-01-01,3035630607.55927,-832478536.236333,91.2501199131393,0.726746298669344,12045865466.4343,4.14683926876013,1856.70169082867,11819964932.0726,3868109143.7956
Kenya,1997-01-01,2975493123.33557,-1139017859.84633,92.7156882981334,3.86264284783903,13115764432.7232,0.474901921293579,1847.60912233132,12943569772.8418,4114510983.18189
Kenya,1998-01-01,2842655387.82143,-1206265938.00887,93.9439699805432,3.77403743889552,14093998843.7334,3.29021372249065,1878.67312767912,13964091742.6329,4048921325.8303
Kenya,1999-01-01,2686591722.90656,-841697406.822917,94.3333262434622,4.53515679109042,12896010520.4958,2.30538859522412,1895.22803268668,12723147888.6608,3528289129.72948
Kenya,2000-01-01,2742776503.1755,-1287547746.35122,93.3450638218568,,12705350153.4012,0.599695390807426,1893.76401958206,12575570058.8498,4030324249.52672
Kenya,2001-01-01,2977896209.54367,-1309467862.13884,95.543220537511,0.392071913845016,12986007425.8781,3.77990649795343,1949.66935022152,12838507613.6252,4287364071.68251
Kenya,2002-01-01,3273519946.30206,-706917927.253598,95.692470249852,0.434625975399335,13147736954.17,0.546859530175595,1931.39492994092,13026151070.218,3980437873.55566
Kenya,2003-01-01,3590023638.48266,-888105847.726031,95.2504987709647,0.441781191070183,14904517649.8476,2.93247554570904,1967.99418440774,14738442156.8305,4478129486.20869
Kenya,2004-01-01,4283010819.23566,-1007002543.77079,93.3847538586974,2.3349103722412,16095337093.8366,5.10429977629738,2061.41530986453,15953749659.6096,5290013363.00645
Kenya,2005-01-01,5341992261.31379,-1397997974.78785,92.779600558018,2.26808313746008,18737895400.78,5.90666607980057,2185.60266227904,18731701164.5777,6739990236.10164
Kenya,2006-01-01,5935978409.87516,-2393148428.27068,90.5787788775865,2.53490857382674,25825512277.8911,6.47249430015484,2328.56070406947,25755429871.7893,8329126838.14583
Kenya,2007-01-01,7004914019.51347,-3213973760.20536,89.4842724262777,2.36888803089184,31958195182.2406,6.85072976998784,2480.65158815105,31814012977.2897,10218887779.7188
Kenya,2008-01-01,8138887724.37561,-4390150819.72901,91.0015392310611,2.19040408825607,35895153327.8497,0.232282744812977,2459.72774223816,35863494628.8632,12529038544.1046
Kenya,2009-01-01,7950667080.35991,-3555176336.7463,86.0289372281831,2.06492244837359,42347217912.9176,3.30693981631089,2482.75098555866,36976859034.0263,11505843417.1062
Kenya,2010-01-01,9137589309.83513,-4606657594.04672,85.7786931952424,2.12980325414839,45405615233.0693,8.05847360290906,2639.63477419107,39852485128.6315,13744246903.8818
Kenya,2011-01-01,10100126373.1014,-7172553511.33288,88.6963983784799,2.77849553197632,46869473165.8905,5.1211061197056,2758.24150950404,41961926478.2299,17272679884.4343
Kenya,2012-01-01,11203175932.5972,-6707709349.29525,87.4728954640164,,56396704833.4676,4.56867961444982,2870.68026078071,50187341615.2819,17910885281.8924
Kenya,2013-01-01,10972694040.0623,-7326740676.48601,88.3395885242883,,61671440480.6895,3.7978483925754,3147.94928383178,54496773215.6772,18299434716.5483
Kenya,2014-01-01,11248585762.161,-9030714959.7127,87.8105410958162,,68285796662.6532,5.02011100232484,3421.24596070054,60579831407.1569,20279300721.8737
Kenya,2015-01-01,10608335787.6508,-7061070698.41861,88.2434379474391,,70120446663.6256,4.96772112759767,3763.76368561997,63195135895.7049,17669406486.0694
Kenya,2016-01-01,9912815625.28141,-6258683277.75584,89.0170901904435,,74815143796.3978,4.21351706814744,4025.84174664847,73804817832.0419,16171498903.0372
Kenya,2017-01-01,10448711466.8033,-8631666772.97531,90.2480409967895,,82036511258.8324,3.83795817364721,4312.90891724989,80475459204.4316,19080378239.7786
Kenya,2018-01-01,11564075000.7809,-8603277966.62157,89.4515972547797,,92202979940.671,5.64794640709219,4572.14993656962,90812279931.0953,20167352967.4024
Kenya,2019-01-01,11471244297.074,-8937167330.88654,89.593459563827,,100378435824.178,5.11415885767801,4796.3540950586,98773634212.8177,20408411627.9605
Kenya,2020-01-01,9703786092.1431,-8007857704.10154,88.9170243404849,,100657505600.655,-0.272766327438816,4749.27696689267,98922018084.9701,17711643796.2446
Kenya,2021-01-01,11819671055.6091,-10027923175.8357,87.6430107530458,,109703659312.872,7.59048947333467,5236.61216265411,107868961809.029,21847594231.4448
Kenya,2022-01-01,13854529473.3502,-10547000062.7833,88.6504487468152,,113420008178.793,4.8466348557707,5763.91009193441,111679130842.025,24401529536.1335
Rwanda,1960-01-01,14800000.0148,2800000.0028,91.5965832074118,,119000024.119,,,119000024.119,12000000.012
Rwanda,1961-01-01,14000000.014,2000000.002,91.8032912389126,,122000016.122,-4.29752604716882,,122000016.122,12000000.012
Rwanda,1962-01-01,11600000.0116,-4400000.0044,95.520016286719,,125000008.125,11.3337983683921,,125000008.125,16000000.016
Rwanda,1963-01-01,7600000.0076,-8600002.0086,98.90623125,,128000000.128,-9.82044441326353,,128000000.128,16200002.0162
Rwanda,1964-01-01,15600000.0156,-800000.0008,92.3077042603556,,129999994.13,-12.4649926826697,,129999994.13,16400000.0164
Rwanda,1965-01-01,18000000.018,-7200000.0072,95.0268756756553,,148799980.1488,7.00952925506135,,148799980.1488,25200000.0252
Rwanda,1966-01-01,14045713.1569029,-10857145.1537143,99.0546979675751,,124525702.981669,7.00891082275248,,124525702.981669,24902858.3106171
Rwanda,1967-01-01,16773000.016773,-7820001.00782,97.593382071441,,159560018.15956,6.91601751004309,,159560018.15956,24593001.024593
Rwanda,1968-01-01,15049999.01505,-11020002.01102,98.2113817200646,,172200018.1722,7.01378092758222,,172200018.1722,26070001.02607
Rwanda,1969-01-01,14489999.01449,-12600000.0126,100.052994690192,,188700037.1887,11.0073701490995,,188700037.1887,27089999.02709
Rwanda,1970-01-01,25299999.0253,-8200002.0082,96.680302955517,,219900006.2199,6.00142524653707,,220000006.22,33500001.0335
Rwanda,1971-01-01,22766631.3638916,-14843441.8212403,97.5258609541315,,222952503.884321,1.20664070133128,,222952206.012549,37610073.1851319
Rwanda,1972-01-01,20411486.9121237,-19651483.6541463,98.4141034683384,,246457838.604265,0.263068266744938,,246557838.604373,40062970.56627
Rwanda,1973-01-01,33721790.5122873,-5362120.78520784,92.4180341154932,,290746157.492369,3.43808814067212,,288126157.96588,39083911.2974952
Rwanda,1974-01-01,37535558.2204488,-28286131.7401335,98.7099048791891,,308458423.183854,1.40982357368419,,305608423.452734,65821689.9605823
Rwanda,1975-01-01,52450643.3784826,-48766032.7187317,94.7886959387943,,571863503.008491,-2.11382542441716,,568583503.38019,101216676.097214
Rwanda,1976-01-01,92977837.5674812,-30717758.1599963,90.9972588151736,0.0387910146260827,637753856.053117,19.5045771725013,,634174707.497996,123695595.727478
Rwanda,1977-01-01,106530362.944676,-25329626.713279,88.328922564787,0.157755139234903,746650611.312185,1.99410948121863,,742886111.921261,131859989.657955
Rwanda,1978-01-01,133872841.16074,-81687005.3333345,92.4120914601348,0.239358392407124,905709080.930258,9.15084081573956,,901082015.487096,215559846.494074
Rwanda,1979-01-01,233473688.29249,-18917846.7355762,89.6745397122823,0.431527501654854,1109346136.6514,11.869908038006,,1106636674.3649,252391535.028067
Rwanda,1980-01-01,181144512.893076,-149888673.585104,95.8051673147705,0.269469396237198,1254765643.15406,8.95161232957594,,1256567128.28582,331033186.47818
Rwanda,1981-01-01,138251006.517407,-167851645.235306,98.6301377905262,0.277234183669079,1407062526.28631,5.43619947874051,,1416137710.22063,306102651.752713
Rwanda,1982-01-01,162572589.657566,-177283533.983847,94.819711667237,0.510087203042028,1407243132.61664,1.8108464472455,,1418217131.72823,339856123.641414
Rwanda,1983-01-01,171373975.450385,-135794220.170289,95.6466349871609,0.232085459282105,1479687583.13507,5.98034993446103,,1483712834.04195,307168195.620674
Rwanda,1984-01-01,200513031.146656,-111639995.912522,91.2262500823309,0.185405152569592,1587413091.46475,-4.240773277592,,1588512423.21429,312153027.059178
Rwanda,1985-01-01,184987524.576274,-156205752.841477,91.7955337538976,0.166956419146152,1715626336.53326,4.40274833266039,,1707024864.5307,341193277.41775
Rwanda,1986-01-01,244728575.508199,-147218467.035686,91.6953854043616,0.206646755168114,1944710687.94188,5.47213748769622,,1934004691.99983,391947042.543885
Rwanda,1987-01-01,160729866.938408,-252229253.122167,96.0265675306345,0.207663722194736,2157432667.84224,-0.0240361088511634,,2143094452.6361,412959120.060575
Rwanda,1988-01-01,158571071.681488,-263114400.718617,96.4912893601621,0.158903513497536,2395492695.13767,4.4988249932552,,2381693189.34091,421685472.400105
Rwanda,1989-01-01,147651286.010921,-268140661.170694,97.7231790012704,0.164453118262436,2405022587.80045,-0.0365342731907532,,2395143830.54079,415791947.181615
Rwanda,1990-01-01,143182959.372421,-215616684.564604,93.8049640938612,0.103063326921306,2550185692.53721,-2.39929109757907,552.914642650286,2538245731.06395,358799643.937025
Rwanda,1991-01-01,139864227.507209,-205282254.709151,96.7170157651222,0.185569073721239,1911600232.09279,-2.51437965273267,544.904117586453,1900602363.14302,345146482.21636
Rwanda,1992-01-01,112984503.227722,-257577478.001894,97.0605364875392,0.0908873488346855,2029026956.63554,5.87272523759077,576.834391762213,2018772219.23349,370561981.229616
Rwanda,1993-01-01,102031305.452555,-302205616.405882,98.5814974086893,0.199390227801634,1971525718.16062,-8.10869187693984,525.63294587592,1956325718.24496,404236921.858437
Rwanda,1994-01-01,47498580.0,-440805352.727273,148.507945580447,,753636370.454545,-50.2480671045178,313.595278621529,749636370.454545,488303932.727273
Rwanda,1995-01-01,66627306.0690234,-267381347.344825,107.261463558052,1.63323925006929,1293535192.21661,35.2240783052637,512.563583591131,1298975192.17036,334008653.413848
Rwanda,1996-01-01,83373731.5038133,-278779978.489016,105.796900372769,,1382334879.40812,12.7456957629038,498.337939670149,1368386728.04902,362153709.99283
Rwanda,1997-01-01,144372276.285115,-330924956.619823,104.062999394811,0.28283988201218,1851558199.35773,13.8497524864153,505.533606543935,1835058199.27482,475297232.904938
Rwanda,1998-01-01,111106101.92074,-350608599.873455,102.816670697524,0.000480699337690438,1989343548.29917,8.8586694907101,539.079379611763,1970083548.31678,461714701.794195
Rwanda,1999-01-01,116759822.834464,-356091856.390898,104.533395527827,,2157024758.12224,4.35188832563958,563.70494697421,2145651523.09043,472851679.225362
Rwanda,2000-01-01,111245627.095943,-346126018.758286,104.438289284523,0.381930424618733,2068762706.74598,8.37092003930509,616.998080521151,2053409722.17975,457371645.85423
Rwanda,2001-01-01,142952955.102056,-288321304.300773,101.875304907796,0.468746654691474,1966548409.54858,8.48454367114164,674.944114944923,1944058155.91771,431274259.402829
Rwanda,2002-01-01,121512880.911273,-299777912.874677,102.630824280713,0.429819838527297,1965932546.35834,13.1920661336689,762.140616991933,1946881931.78617,421290793.78595
Rwanda,2003-01-01,166283216.069448,-294164481.844321,100.587070700744,0.520891633644618,2138185328.15156,2.20239896638421,776.157729043717,2107639717.18203,460447697.913769
Rwanda,2004-01-01,247001910.606764,-301211029.295713,98.3159499434156,0.469560215572157,2376464519.64036,7.44768540202412,834.545825671468,2342974114.68475,548212939.902478
Rwanda,2005-01-01,313565616.061811,-376720098.197269,97.6918719649794,0.80928640640251,2933765825.28037,9.37789831837912,916.980306862538,2906585142.94088,690285714.25908
Rwanda,2006-01-01,361305540.165703,-380268389.631999,96.4308860568741,0.679965042273694,3319711249.44189,9.22706996435612,1005.34497874951,3290266450.20848,741573929.797702
Rwanda,2007-01-01,556349242.625079,-351502408.790486,91.846773219136,1.37154702665961,4070391531.29599,7.63328026687383,1081.79307596236,4053170736.16659,907851651.415564
Rwanda,2008-01-01,583912931.212214,-780033008.27367,93.7163048808343,1.43890515869542,5179804290.63377,11.1612613227583,1193.16975298446,5142790393.12705,1363945939.48588
Rwanda,2009-01-01,588300167.916744,-911926849.484513,95.0574508042989,1.76325263351394,5674428927.60356,6.24826204150337,1242.59890674997,5637637291.11516,1500227017.40126
Rwanda,2010-01-01,657968898.009644,-967304242.721341,95.2627720917105,1.83387441125116,6124693374.47064,7.33464833286297,1315.03282157591,6073427012.72837,1625273140.73098
Rwanda,2011-01-01,871553086.276471,-991313571.353229,93.4989977147655,1.61801351783732,6884907733.00484,7.95837640253889,1412.47901765059,6827676970.26999,1862866657.6297
Rwanda,2012-01-01,918133582.794057,-1267039157.98192,93.2504248988154,,7654782978.58736,8.64151754507149,1449.60243037023,7552088043.13366,2185172740.77598
Rwanda,2013-01-01,1055111418.02396,-1228392838.20266,91.2797348957142,,7820052084.03387,4.7198553877722,1503.84088065321,7688266963.25415,2283504256.22662
Rwanda,2014-01-01,1142634545.25878,-1331862048.29688,92.9387009718221,,8239042500.28733,6.16716314598148,1664.8575541349,8050223825.71959,2474496593.55566
Rwanda,2015-01-01,1130492738.1769,-1600963675.75411,94.4998574073237,,8543869360.36164,8.85684722953748,1763.09381810099,8381525193.21527,2731456413.93101
Rwanda,2016-01-01,1340967874.7312,-1620911442.84282,92.502355230218,,8695318854.11055,5.97075689041951,1842.04873768781,8456963011.26267,2961879317.57402
Rwanda,2017-01-01,1899457346.91838,-1167568917.13402,88.7834838399768,,9252833678.08916,3.93661113192903,1934.97295529462,8961396319.86089,3067026264.0524
Rwanda,2018-01-01,2034370458.8242,-1307680425.94437,92.1929622016849,,9636510839.30707,8.53983645415515,2098.96885357199,9288783176.11826,3342050884.76857
Rwanda,2019-01-01,2258781175.60503,-1482513198.86672,90.8685899888322,,10346675636.3397,9.46402534021912,2283.57986192338,9998654484.55536,3741294374.47174
Rwanda,2020-01-01,1966296155.84172,-1682443477.9167,91.4187073912944,,10172925171.5869,-3.37398633227004,2182.38820060083,9936202817.62771,3648739633.75842
Rwanda,2021-01-01,2160640706.00291,-1726787542.33809,89.4865705978466,,11055281971.0454,10.8767337919042,2469.21199073229,10829187098.1283,3887428248.341
Rwanda,2022-01-01,2993214750.15969,-2051175362.29592,90.9154920592566,,13312796765.2336,8.15748772106373,2792.42162516676,13032928108.3742,5044390112.45561
Somalia,1960-01-01,22945943.761889,-7994014.71551926,94.7633405237752,,180459936.62083,,,180179811.293121,30939958.4774082
Somalia,1961-01-01,30659933.9496589,-13580012.4763162,97.4506868055836,,191659914.211207,-3.26198120234096,,191365775.449115,44239946.4259751
Somalia,1962-01-01,26039938.0416304,-29959994.7102365,105.041930167366,,203531927.372192,7.07665543416884,,203335810.970807,55999932.7518669
Somalia,1963-01-01,34299919.0505344,-21840004.6852157,100.498701677704,,216145935.75574,2.80880257009393,,216145935.75574,56139923.7357501
Somalia,1964-01-01,36679918.096488,-33180009.0994615,104.476931660103,,229529912.470639,-6.11062333034268,,229235719.948569,69859927.1959496
Somalia,1965-01-01,41804010.1224445,-8497983.15349847,92.297089409792,,243725897.820037,-5.94368149253904,,243529906.858601,50301993.275943
Somalia,1966-01-01,38499998.0068908,-19599992.1431471,96.1651453437772,,257375896.828298,9.09865470772144,,256577758.26824,58099990.1500379
Somalia,1967-01-01,37099985.1280999,-23379990.6278969,96.5796115440929,,271781886.573513,5.94094361661391,,271375747.856318,60479975.7559969
Somalia,1968-01-01,42699969.4432902,-18997992.3844648,94.453125,,286719885.065467,2.02997732483614,,285922033.225294,61697961.827755
Somalia,1969-01-01,48985714.2857143,-23471428.5714286,95.3088872248001,,306357284.571429,-1.69956971733171,,305542857.142857,72457142.8571429
Somalia,1970-01-01,37142857.1428571,-16857156.5714286,93.4903425810903,,322600009.142857,4.58140792145096,,322900004.571429,54000013.7142857
Somalia,1971-01-01,43907882.7892618,-22024115.4713824,94.7041069128814,,331104677.242568,2.62902233975524,,330698011.004854,65931998.2606442
Somalia,1972-01-01,65614884.5565967,-20056951.9915556,91.2380581929195,,416940943.667476,10.1008460491711,,417313604.042523,85671836.5481523
Somalia,1973-01-01,70524571.5307689,-65748611.6478148,98.6184805544758,,507028428.32238,-1.95129847755733,,508636319.431447,136273183.178584
Somalia,1974-01-01,81652120.1082847,-105321658.475826,95.6513223216976,,467577432.322093,-18.2663787418327,,469658291.416943,186973778.58411
Somalia,1975-01-01,88594086.7495781,-102494073.407862,91.8923303929313,,710850226.641914,30.0736985848187,,711151570.565711,191088160.157441
Somalia,1976-01-01,81000763.7936459,-111485331.23296,83.9210094753931,,807275808.865334,-1.01671670107798,,808498996.792454,192486095.026606
Somalia,1977-01-01,101014492.753623,-194202889.275362,117.530502688595,,498550873.043478,23.3074905117496,,497536371.014493,295217382.028986
Somalia,1978-01-01,145994475.138122,-170994342.541436,101.576848958151,,564986059.668508,3.72748908741434,,563950214.364641,316988817.679558
Somalia,1979-01-01,143504008.39895,-302427800.524934,128.239609664522,6.20713083781185,590419855.11811,-2.70846584867752,,592585306.036745,445931808.923885
Somalia,1980-01-01,200271074.389354,-333831293.700705,112.905818644722,9.48516963652223,603592656.822209,-3.9013900443196,,602724030.436746,534102368.090059
Somalia,1981-01-01,173525712.111604,-304470475.079264,115.990922669938,1.02251542815273,699112266.835764,5.66269966051284,,694610043.373494,477996187.190869
Somalia,1982-01-01,201101592.528537,-325891971.157172,112.801849440778,2.56928252919419,774419569.699066,4.072294578146,,762206606.178325,526993563.685709
Somalia,1983-01-01,173400620.331603,-360031823.145202,126.636594827475,2.95686813982111,733901365.935354,-8.75366927499189,,727809243.342824,533432443.476805
Somalia,1984-01-01,115004196.817526,-366490400.465481,122.290702863494,,788307213.438235,3.55494614901839,,744326945.786638,481494597.283007
Somalia,1985-01-01,55477537.0786517,-113728919.422151,83.1763950403898,,876404617.656501,8.15243671407279,,827405806.741573,169206456.500803
Somalia,1986-01-01,64782760.6451115,-208682717.370167,97.2317481903087,,930318705.301335,3.35275503941463,,873161504.900069,273465478.015279
Somalia,1987-01-01,67562031.2165816,-247643144.920397,91.2231648384557,,1009792724.42175,5.09690448749012,,957837185.280865,315205176.136978
Somalia,1988-01-01,50072045.8179424,-180270962.513258,93.4624547268453,,1038291284.49695,-0.553269928180583,,977731063.892038,230343008.3312
Somalia,1989-01-01,83929436.051234,-406520818.244299,106.913867855991,,1092392963.1951,-0.175911817690633,,1014833264.60481,490450254.295533
Somalia,1990-01-01,89748800.1761538,-256356574.314239,112.454651378978,,917044228.00846,-1.48407568424224,,834948071.959369,346105374.490393
Somalia,1991-01-01,,,,,,,,,
Somalia,1992-01-01,,,,,,,,,
Somalia,1993-01-01,,,,,,,,,
Somalia,1994-01-01,,,,,,,,,
Somalia,1995-01-01,,,,,,,,,
Somalia,1996-01-01,,,,,,,,,
Somalia,1997-01-01,,,,,,,,,
Somalia,1998-01-01,,,,,,,,,
Somalia,1999-01-01,,,,,,,,,
Somalia,2000-01-01,,,,,,,,,
Somalia,2001-01-01,,,,,,,,,
Somalia,2002-01-01,,,,,,,,,
Somalia,2003-01-01,,,,,,,,,
Somalia,2004-01-01,,,,,,,,,
Somalia,2005-01-01,,,,,,,,,
Somalia,2006-01-01,,,,,,,,,
Somalia,2007-01-01,,,,,,,,,
Somalia,2008-01-01,,,,,,,,,
Somalia,2009-01-01,,,,,,,,,
Somalia,2010-01-01,,,,,,,,,
Somalia,2011-01-01,,,,,,,,,
Somalia,2012-01-01,,,,,,,,,
Somalia,2013-01-01,943000002.422949,-2618000006.7267,143.871531570898,,4577000011.76017,,824.81613276527,4545000011.67795,3561000009.14965
Somalia,2014-01-01,1050999998.26998,-2852999995.29928,144.0,,5024999991.72061,7.794200252821,939.610181813774,4994349991.77152,3903999993.56926
Somalia,2015-01-01,1038000000.0,-2949000000.0,142.642924086223,,5335000000.0,15.049941474336,1086.16497990548,5305760750.00048,3987000000.0
Somalia,2016-01-01,1067000000.0,-3127000000.0,143.729671123961,,5534000000.0,8.53229303977403,1127.86619490964,5503680221.61337,4194000000.0
Somalia,2017-01-01,994000000.0,-3630000000.0,150.72205384204,,5609000000.0,2.34958276250748,1059.14393225513,5576438926.51782,4624000000.0
Somalia,2018-01-01,1119000001.18977,-4003000004.25395,153.551912568383,,5856000006.22021,7.53096925285324,1124.90124306928,5821908806.35034,5122000005.44373
Somalia,2019-01-01,1131000000.0,-4292000000.0,152.027756360833,,6485000000.0,7.45652154333887,1186.56196715729,6449308553.2931,5423000000.0
Somalia,2020-01-01,1178000000.0,-4640000000.0,153.77015836118,,6883000000.0,2.48937434554443,1190.5694304163,6844967094.26653,5818000000.0
Somalia,2021-01-01,1532000002.30039,-5012000007.53101,149.410068169856,,7628000011.46357,4.04911048809238,1254.34066361614,7585987105.66549,6544000009.8314
Somalia,2022-01-01,1363709960.0,-6024864519.99999,157.53790696493,,8126105600.0,4.79877898924205,1364.10169058781,8081105600.00001,7388574479.99999
South Sudan,1960-01-01,,,,,,,,,
South Sudan,1961-01-01,,,,,,,,,
South Sudan,1962-01-01,,,,,,,,,
South Sudan,1963-01-01,,,,,,,,,
South Sudan,1964-01-01,,,,,,,,,
South Sudan,1965-01-01,,,,,,,,,
South Sudan,1966-01-01,,,,,,,,,
South Sudan,1967-01-01,,,,,,,,,
South Sudan,1968-01-01,,,,,,,,,
South Sudan,1969-01-01,,,,,,,,,
South Sudan,1970-01-01,,,,,,,,,
South Sudan,1971-01-01,,,,,,,,,
South Sudan,1972-01-01,,,,,,,,,
South Sudan,1973-01-01,,,,,,,,,
South Sudan,1974-01-01,,,,,,,,,
South Sudan,1975-01-01,,,,,,,,,
South Sudan,1976-01-01,,,,,,,,,
South Sudan,1977-01-01,,,,,,,,,
South Sudan,1978-01-01,,,,,,,,,
South Sudan,1979-01-01,,,,,,,,,
South Sudan,1980-01-01,,,,,,,,,
South Sudan,1981-01-01,,,,,,,,,
South Sudan,1982-01-01,,,,,,,,,
South Sudan,1983-01-01,,,,,,,,,
South Sudan,1984-01-01,,,,,,,,,
South Sudan,1985-01-01,,,,,,,,,
South Sudan,1986-01-01,,,,,,,,,
South Sudan,1987-01-01,,,,,,,,,
South Sudan,1988-01-01,,,,,,,,,
South Sudan,1989-01-01,,,,,,,,,
South Sudan,1990-01-01,,,,,,,,,
South Sudan,1991-01-01,,,,,,,,,
South Sudan,1992-01-01,,,,,,,,,
South Sudan,1993-01-01,,,,,,,,,
South Sudan,1994-01-01,,,,,,,,,
South Sudan,1995-01-01,,,,,,,,,
South Sudan,1996-01-01,,,,,,,,,
South Sudan,1997-01-01,,,,,,,,,
South Sudan,1998-01-01,,,,,,,,,
South Sudan,1999-01-01,,,,,,,,,
South Sudan,2000-01-01,,,,,,,,,
South Sudan,2001-01-01,,,,,,,,,
South Sudan,2002-01-01,,,,,,,,,
South Sudan,2003-01-01,,,,,,,,,
South Sudan,2004-01-01,,,,,,,,,
South Sudan,2005-01-01,,,,,,,,,
South Sudan,2006-01-01,,,,,,,,,
South Sudan,2007-01-01,,,,,,,,,
South Sudan,2008-01-01,9630874288.71993,5074239994.26194,51.3099630042477,,14586253383.0632,,2884.61080363552,,4556634294.45799
South Sudan,2009-01-01,7377203307.64568,3154793445.31994,61.9248193214396,,12231264525.0671,5.04164187983342,2915.53416118557,,4222409862.32574
South Sudan,2010-01-01,8970707666.27619,4661787149.1171,57.7572414512013,,14602072410.9506,5.49341639529945,2957.19653834073,,4308920517.1591
South Sudan,2011-01-01,9850171395.11542,5802726798.26029,51.5727046612723,,14907308932.7534,-4.64031673600859,2730.00512680984,8550148979.59184,4047444596.85514
South Sudan,2012-01-01,5110494406.77966,1675690949.15254,78.8461033786818,,11931472169.4915,-46.0821223743007,1435.67923290428,11486155559.322,3434803457.62712
South Sudan,2013-01-01,1794877728.81356,-5772963152.54237,119.912388522836,,18426469016.9492,13.1297311406943,1957.28434851863,17413371593.2203,7567840881.35593
South Sudan,2014-01-01,5360319322.0339,1696229694.91525,79.8567741480268,,13962212847.4576,3.37364847715736,1407.69902776408,11954212847.4576,3664089627.11864
South Sudan,2015-01-01,4397355862.60474,929991454.414294,86.4978940207942,,11997800760.2242,-10.7933646271143,1181.93160266504,10522802563.6757,3467364408.19044
South Sudan,2016-01-01,,,,,,,,,
South Sudan,2017-01-01,,,,,,,,,
South Sudan,2018-01-01,,,,,,,,,
South Sudan,2019-01-01,,,,,,,,,
South Sudan,2020-01-01,,,,,,,,,
South Sudan,2021-01-01,,,,,,,,,
South Sudan,2022-01-01,,,,,,,,,
Sudan,1960-01-01,163986215.290024,17518667.4828221,86.1040285568588,,1126364161.7644,,,1132107987.1686,146467547.807201
Sudan,1961-01-01,162837450.209183,-12636415.8892488,85.11038046031,,1222860428.55503,0.0223913336718056,,1222573237.28482,175473866.098432
Sudan,1962-01-01,194141298.662094,-5743825.40420398,84.1513513513514,,1328259624.72217,6.91584215438297,,1323377373.1286,199885124.066298
Sudan,1963-01-01,225732338.385216,-18093050.0232425,87.4814027630181,,1351234926.33899,-2.84697168071524,,1351522117.6092,243825388.408459
Sudan,1964-01-01,215680643.927859,-33314187.3443831,89.0980554406289,,1388282600.1961,-1.1204491178589,,1386559452.57484,248994831.272242
Sudan,1965-01-01,205916140.740713,-11774842.0786182,89.4998015085351,,1446869619.31898,6.77707407266965,,1446869619.31898,217690982.819331
Sudan,1966-01-01,212521539.955547,5456634.13399378,86.7285741923003,,1484491675.71652,-3.57514748496723,,1484491675.71652,207064905.821553
Sudan,1967-01-01,242963814.597828,-6892590.48504477,87.5290334107558,,1607409539.36648,1.42408128297886,,1597932227.44955,249856405.082873
Sudan,1968-01-01,253589891.595606,-29006318.2912301,88.8394385484423,,1677771400.56798,1.96322082306004,,1665134984.67873,282596209.886836
Sudan,1969-01-01,290063182.912301,5456634.13399378,86.4138038240323,,1847501441.26221,1.38935049050187,,1832567495.21128,284606548.778307
Sudan,1970-01-01,343193567.901188,-1435956.35105099,87.3923150553808,,2100229759.04718,5.92507471604789,,2086157386.80689,344629524.252239
Sudan,1971-01-01,357840322.681908,-35324526.2358545,91.1270080321285,,2288340041.03486,2.24731409977321,,2270246991.01162,393164848.917762
Sudan,1972-01-01,397759909.241126,-16082711.1317711,90.1457321304649,,2483055722.23738,-5.0709864790971,,2460941994.43119,413842620.372897
Sudan,1973-01-01,456921310.904427,-66915565.9589764,86.5608959402706,,3077254460.30228,0.632195249838389,,3052556011.0642,523836876.863403
Sudan,1974-01-01,503159105.408269,-317346353.58227,90.0834240116068,,3958931659.84759,11.4452891421568,,3917576116.93732,820505458.990538
Sudan,1975-01-01,583285469.796914,-511774843.514574,90.0023818030249,,4823090191.91008,15.7134664503164,,4769959806.92119,1095060313.31149
Sudan,1976-01-01,674899484.993968,-476163126.00851,88.1984907823097,,6013210815.66115,16.6652197362105,,5961803578.29352,1151062611.00248
Sudan,1977-01-01,703031778.691546,-543930632.696809,91.6896446078431,0.539987414055059,7499005639.37649,6.22385378195638,,7446450567.68509,1246962411.38835
Sudan,1978-01-01,643790754.697949,-592923337.042802,93.5238902287986,0.848576809441954,8128719315.0792,-5.9309867214476,,8073877880.41975,1236714091.74075
Sudan,1979-01-01,838135924.283035,-791300972.717594,95.1562456752194,1.51919191248734,8418407786.60599,-5.01859932953688,,8340582543.70621,1629436897.00063
Sudan,1980-01-01,940000001.88,-1140000002.28,97.8574141513439,3.44222255615976,8951800017.9036,1.52431014779975,,8896400017.7928,2080000004.16
Sudan,1981-01-01,1037830101.91223,-1503064285.52805,94.8435082114511,4.0259095497199,10753888154.2798,7.43756365612805,,10357723353.3085,2540894387.44028
Sudan,1982-01-01,871574084.559815,-1260107110.20696,95.5988455988456,1.43835786924719,8732542273.73424,5.95866643257293,,8581014393.73185,2131681194.76678
Sudan,1983-01-01,869230769.230769,-876923076.923077,95.8950201884253,3.24220940770476,8230153846.15385,2.0625016947758,,8049000000.0,1746153846.15385
Sudan,1984-01-01,884615384.615385,-838461538.461539,99.4706189855617,2.83513329238771,10447615384.6154,-5.0089067687659,,10038846153.8462,1723076923.07692
Sudan,1985-01-01,464404683.125703,-494786297.909628,96.6913187427441,2.09327446204009,8075259600.3398,-6.28104358075066,,7812371827.84519,959190981.035331
Sudan,1986-01-01,480000000.0,-348000000.0,89.0985117219239,0.709729370064454,10092200000.0,5.41381101190019,,9762680000.0,828000000.0
Sudan,1987-01-01,666666666.666667,-680000000.0,90.5181918412349,0.668006844601892,12093333333.3333,14.2208845980014,,11724633333.3333,1346666666.66667
Sudan,1988-01-01,544444444.444445,-562222222.222222,89.4451616893307,1.40136050163658,14372555555.5556,-0.331091818439447,,13826577777.7778,1106666666.66667
Sudan,1989-01-01,1144444444.44444,-855555555.555556,90.9312669652728,2.72452456918851,21408111111.1111,8.93139368787767,,20324377777.7778,2000000000.0
Sudan,1990-01-01,1353333333.33333,-1024444444.44444,90.2992690845557,0.498845639443457,33641222222.2222,-5.47005377640816,1519.96936035156,30930111111.1111,2377777777.77778
Sudan,1991-01-01,1473623928.77724,-3710656936.75517,87.0983175963989,0.398972786613085,44171194366.2039,7.51091035366538,1658.638671875,37960408637.1135,5184280865.53241
Sudan,1992-01-01,368873911.630373,-645478027.335397,87.5377481452506,1.75911790957921,7031933491.84899,6.57786138499603,1779.88696289063,6191333071.04124,1014351938.96577
Sudan,1993-01-01,375673395.345771,-266957218.112876,88.2414160750628,0.846750542748963,8881010081.24942,4.56874918954713,1874.171875,8024409459.9394,642630613.458647
Sudan,1994-01-01,600085114.782665,-669005644.681174,87.8266131033588,0.83790596876872,12793798418.3843,1.00622924788334,1887.27685546875,11894097528.65,1269090759.46384
Sudan,1995-01-01,687292204.200999,-668492938.439721,90.7147527114161,2.50318684899526,13830369852.313,5.99709226051246,1989.10791015625,12919675747.0965,1355785142.64072
Sudan,1996-01-01,555552150.304805,-695247676.471566,95.7197020175073,2.45633791892889,9018303128.0189,5.9191237633176,2093.83032226563,8660943615.71003,1250799826.77637
Sudan,1997-01-01,624200971.92276,-837693976.014482,91.0463786411118,3.59210299004025,11681179570.9007,18.3126571850273,2457.36010742188,11336167996.9919,1461894947.93724
Sudan,1998-01-01,754001767.081405,-952998871.607715,91.4829459642226,6.10299144752432,11250220602.974,4.30850425525036,2534.31982421875,10882540496.9989,1707000638.68912
Sudan,1999-01-01,830998431.006349,-977998782.42133,92.3059034669155,6.2263460013756,10682027634.7462,3.10409561549652,2586.20654296875,10224508096.5682,1808997213.42768
Sudan,2000-01-01,1959274975.93559,314384972.143628,78.8660474267992,5.22790536060461,12257299147.2936,6.34586743997545,2732.02856445313,11640425128.1004,1644890003.79197
Sudan,2001-01-01,1502565552.19038,-184244461.998239,70.0265889901949,5.61030986935833,15716361539.0643,6.50036053396883,2892.32250976563,15131646310.3758,1686810014.18861
Sudan,2002-01-01,2069370446.91376,-508999547.421092,68.0636490689118,6.6044858536418,18137126092.2818,6.0064715363132,3030.68701171875,17355343716.2742,2578369994.33485
Sudan,2003-01-01,2616564895.6262,-413259104.696684,67.3944073131657,6.93404273606454,21355295732.0535,6.28880816146516,3198.49658203125,20486087150.1039,3029824000.32289
Sudan,2004-01-01,3810483472.5965,-488035943.467556,63.0841786730579,6.53815565511523,26646007250.7319,5.14088851762675,3360.79614257813,25533305674.5701,4298519416.06405
Sudan,2005-01-01,5087004949.93621,-2446587061.74935,64.9031654042026,3.83053835174233,35182707173.8157,5.64351551343631,3558.00219726563,33836904138.1741,7533592011.68555
Sudan,2006-01-01,6832540524.36068,-2721597458.01738,65.7968655630103,3.35368350281348,45263824686.0898,6.5314117467792,3789.27172851563,43249845608.326,9554137982.37806
Sudan,2007-01-01,10045701106.0959,-357988889.440008,59.6191276753913,3.89198175105618,59440139774.8128,5.73527423664484,3985.38037109375,57187003174.4457,10403689995.5359
Sudan,2008-01-01,13138705234.8274,2457021974.22702,62.5728875192321,5.78214746154245,64833088568.394,3.84674473121058,4086.00732421875,61819985324.3244,10681683260.6004
Sudan,2009-01-01,8487331040.17613,-2141620818.00539,75.6307574788078,4.05601546091756,58315346841.2364,-2.76770436599138,3876.2578125,56583489760.4496,10628951858.1815
Sudan,2010-01-01,12958364300.1496,1648308102.03028,68.5076284773323,2.19104046577583,74151157011.5251,3.85824195230107,3954.46899414063,68910841843.2524,11310056198.1194
Sudan,2011-01-01,9783660101.71223,-2003135338.98211,66.4169087484999,2.21629641145155,78402841444.9524,-3.21353209253371,4293.56201171875,73014586898.7575,11786795440.6943
Sudan,2012-01-01,4333020023.09011,-5146239693.99774,86.9799633645046,,63196236489.3704,-17.0046884048945,3917.82055664063,59796611174.2138,9479259717.08786
Sudan,2013-01-01,6277129089.09776,-5179659509.05014,87.4789809981002,,66027147864.7915,1.95514463302422,3953.73803710938,61729901178.1757,11456788598.1479
Sudan,2014-01-01,5845072222.93237,-4322812685.20563,92.2420387076535,,76818773784.7605,4.66137954229873,4544.037109375,75348074500.5984,10167884908.138
Sudan,2015-01-01,5458489812.7361,-4701735355.76326,91.4874157168665,,84984672415.9401,1.91017689052751,4519.4873046875,83073883260.779,10160225168.4994
Sudan,2016-01-01,5151798976.03069,-5427890260.62337,90.6423938961583,,102943515502.994,3.46764218409288,4813.86865234375,100851094757.115,10579689236.6541
Sudan,2017-01-01,7928586818.60621,-7273452275.50214,88.9442174703732,,129718581297.431,0.70925628476644,4613.9501953125,124529949710.924,15202039094.1084
Sudan,2018-01-01,2473599508.59951,-2123525798.5258,96.7289178655397,,32333780383.2924,-2.6809305497999,4453.767578125,30521438452.0885,4597125307.12531
Sudan,2019-01-01,2733532469.42149,-2979518601.65289,94.5956525133659,,32338079165.2893,-2.17825104530091,4308.42138671875,30717965586.7769,5713051071.07438
Sudan,2020-01-01,1385607465.42553,79881902.2606383,93.9179844510194,,27034593750.0,-3.62980082410752,4091.84228515625,25561386740.0266,1305725563.16489
Sudan,2021-01-01,770119708.003068,127399586.295065,96.1624363232159,,34229513774.9936,-1.8685204827207,4083.97509765625,32885113774.9936,642720121.708003
Sudan,2022-01-01,811697318.002156,229116461.911606,97.3784168250916,,51662241775.2425,-0.953407030476754,4216.02490234375,50807941775.2425,582580856.09055
Tanzania,1960-01-01,,,,,,,,,
Tanzania,1961-01-01,,,,,,,,,
Tanzania,1962-01-01,,,,,,,,,
Tanzania,1963-01-01,,,,,,,,,
Tanzania,1964-01-01,,,,,,,,,
Tanzania,1965-01-01,,,,,,,,,
Tanzania,1966-01-01,,,,,,,,,
Tanzania,1967-01-01,,,,,,,,,
Tanzania,1968-01-01,,,,,,,,,
Tanzania,1969-01-01,,,,,,,,,
Tanzania,1970-01-01,,,,,,,,,
Tanzania,1971-01-01,,,,,,,,,
Tanzania,1972-01-01,,,,,,,,,
Tanzania,1973-01-01,,,,,,,,,
Tanzania,1974-01-01,,,,,,,,,
Tanzania,1975-01-01,,,,,,,,,
Tanzania,1976-01-01,,,,,,,,,
Tanzania,1977-01-01,,,,,,,,,
Tanzania,1978-01-01,,,,,,,,,
Tanzania,1979-01-01,,,,,,,,,
Tanzania,1980-01-01,,,,,,,,,
Tanzania,1981-01-01,,,,,,,,,
Tanzania,1982-01-01,,,,,,,,,
Tanzania,1983-01-01,,,,,,,,,
Tanzania,1984-01-01,,,,,,,,,
Tanzania,1985-01-01,,,,,,,,,
Tanzania,1986-01-01,,,,,,,,,
Tanzania,1987-01-01,,,,,,,,,
Tanzania,1988-01-01,,,,,5100405344.39923,,,4919805359.15367,
Tanzania,1989-01-01,,,,,4420167588.57625,3.7644434090617,,4241067484.48,
Tanzania,1990-01-01,537502280.329016,-1057594168.5098,100.561458926463,,4258742898.93795,7.04507164205386,921.889892578125,4072292819.2813,1595096448.83881
Tanzania,1991-01-01,508648083.626342,-1158705937.77912,100.605464740447,,4956587901.61865,2.07198821192203,948.098754882813,4771138256.25339,1667354021.40546
Tanzania,1992-01-01,572500410.777113,-1238320424.06194,102.360210179301,,4601413521.13102,0.584322134083266,951.0390625,4414313568.46486,1810820834.83905
Tanzania,1993-01-01,765667146.767078,-1265580764.88249,103.149745934017,,4257702021.44302,1.20580080839403,954.640319824219,4093602033.61997,2031247911.64957
Tanzania,1994-01-01,929865169.570034,-1037990486.742,101.157526729472,,4510847189.15431,1.56766176562564,952.589294433594,4357047147.89896,1967855656.31203
Tanzania,1995-01-01,1265179895.04898,-916141353.586092,95.3775202780997,0.0159907300110644,5255221043.83861,3.569911868443,975.648620605469,5125751433.90212,2181321248.63507
Tanzania,1996-01-01,1295157276.44215,-779955515.451771,94.6321598495823,0.297374325891326,6496195823.96993,4.54436680187438,1019.36175537109,6424225412.74649,2075112791.89393
Tanzania,1997-01-01,1246175397.8983,-727769359.891198,92.649452243551,0.0206443810790399,7683852496.84499,3.52527819135224,1051.77783203125,7562314251.64081,1973944757.78949
Tanzania,1998-01-01,1230116906.29747,-722176846.961114,85.0190342183042,0.123062693049189,12270448546.3584,3.70851159607723,1074.71069335938,12165450826.9972,1952293753.25858
Tanzania,1999-01-01,1291885319.56172,-595742665.514258,86.4746810100145,0.0742433707768493,12711213451.034,4.86386375517051,1113.14721679688,12549580387.9402,1887627985.07598
Tanzania,2000-01-01,1445821022.26551,-316033148.323637,84.9058990724975,0.0785409657334074,13375976353.6994,4.52078463488321,1156.6279296875,13260985000.784,1761854170.58914
Tanzania,2001-01-01,1878651440.64142,-48342622.9932804,82.0454450914295,0.146895655578255,13581644245.7352,6.07080828847816,1220.88806152344,13267450592.6838,1926994063.63471
Tanzania,2002-01-01,2019020391.32085,150428849.137394,80.854423433692,0.111053527094386,14142035080.2849,7.09319498353686,1293.65222167969,14060462777.3223,1868591542.18345
Tanzania,2003-01-01,2297025915.06897,-39963680.0751912,79.5852248082234,0.0763350279261806,15224257698.482,6.67278982908314,1370.32824707031,15052347485.0711,2336989595.14416
Tanzania,2004-01-01,2674833271.73611,-253157242.291351,77.0329383363323,0.10758327978123,16675948414.7573,7.50381466047716,1472.28100585938,16479437584.7536,2927990514.02746
Tanzania,2005-01-01,3124777521.31169,-550598660.400225,75.596641260328,0.13694254151578,18399046025.2688,7.47631925782292,1587.42370605469,18079420805.8362,3675376181.71192
Tanzania,2006-01-01,3434320449.31704,-1107446904.62497,75.6142191213003,0.107322774598115,18649590248.2626,6.5322213903017,1695.14208984375,18652204113.9069,4541767353.94201
Tanzania,2007-01-01,4331708455.86331,-1834232500.76002,75.7459262595812,0.151325743720821,21843529024.9154,6.76853520180663,1807.44641113281,21585624186.5393,6165940956.62333
Tanzania,2008-01-01,5442602680.64141,-2823365435.66818,72.6078001450682,0.177743638470643,27961527622.7154,5.68641685976419,1894.53857421875,27670822508.4838,8265968116.30958
Tanzania,2009-01-01,5291224759.88821,-2077625722.20614,72.788392111175,0.186385179840986,29081826158.6787,5.26910524791853,1957.61474609375,28820085274.3832,7368850482.09435
Tanzania,2010-01-01,6277202787.78325,-2697322636.38155,76.4081376497911,0.240152176223365,32014247547.5146,6.33652342747494,2052.95849609375,31437135788.5535,8974525424.1648
Tanzania,2011-01-01,7497823886.45472,-4469925484.06407,78.1615262244078,0.317352326033523,34657141720.6759,7.67215543499384,2193.04443359375,34013429636.1841,11967749370.5188
Tanzania,2012-01-01,8870659209.84963,-3816254048.24832,78.3729957526184,,39650522645.9811,4.50015355982126,2067.2216796875,39080247487.5744,12686913258.0979
Tanzania,2013-01-01,8685142641.027,-4844901192.18371,76.9706156653233,,45680532613.7591,6.78158560065316,2160.78002929688,44976919928.4933,13530043833.2107
Tanzania,2014-01-01,9028248808.33335,-4605559610.91458,75.4179286151782,,49964825081.1078,6.73246186832483,2206.36108398438,49431977840.6016,13633808419.2479
Tanzania,2015-01-01,8104068272.28488,-3102283589.94126,73.7891647540569,,47378603783.6471,6.16062877406682,2301.802734375,46649445505.0209,11206351862.2261
Tanzania,2016-01-01,8138037405.67613,-1354111896.41644,68.9923508841202,,49774004999.2038,6.86711619644551,2418.73901367188,48816806038.0416,9492149302.09256
Tanzania,2017-01-01,8344710523.60612,-951281451.517273,68.3886887147434,,53275968094.8533,6.77290596953031,2457.61840820313,52340512037.8533,9295991975.12339
Tanzania,2018-01-01,8401855026.21565,-1803780815.79156,67.9907616501091,,57003686049.4102,5.45758290393921,2571.1669921875,56365005834.4407,10205635842.0072
Tanzania,2019-01-01,9786707522.05209,-576762104.70846,66.4415933020489,,61026765850.3054,5.79999999996723,2687.11645507813,60013027528.9815,10363469626.7606
Tanzania,2020-01-01,8921838998.54164,-631133182.43915,62.2597631593733,,66068737757.2651,1.99196460647855,2694.42626953125,64804138369.859,9552972180.98079
Tanzania,2021-01-01,9976590468.43667,-1183580232.96965,62.0425597857724,,70655628140.5826,4.32138429480482,2850.61279296875,69431729607.7012,11160170701.4063
Tanzania,2022-01-01,11675414128.2185,-3163215464.50436,63.3018579691701,,75709289056.4457,4.55802733858587,3096.88452148438,74426888531.8918,14838629592.7229
Uganda,1960-01-01,115605870.020964,23320754.7169811,83.7824309255359,,423008385.744235,,,421785115.303983,92285115.3039832
Uganda,1961-01-01,107812368.972746,12249475.8909853,87.2323806901005,,441524109.014675,,,440426624.737945,95562893.081761
Uganda,1962-01-01,108245283.018868,11942348.0083857,86.3366623245043,,449012578.616352,,,444617400.419287,96302935.0104822
Uganda,1963-01-01,146023060.796646,22764150.9433962,82.7857150110174,,516147798.742138,,,512328092.243187,123258909.853249
Uganda,1964-01-01,176115303.983229,40066037.7358491,81.0605737063136,,589056603.773585,,,586151991.614256,136049266.247379
Uganda,1965-01-01,226235475.064259,10779784.3935321,87.5435264324153,,884502309.069299,,,865742684.280554,215455690.670727
Uganda,1966-01-01,236595267.858043,2239955.19865605,88.2602118003026,,925381491.444771,,,908021838.655187,234355312.659387
Uganda,1967-01-01,244715105.453171,8819823.59470811,85.6274424663482,,967240654.219656,,,948341032.230995,235895281.858463
Uganda,1968-01-01,248355032.650987,13719725.5917681,85.587044534413,,1037379251.37757,,,1020579587.38765,234635307.059219
Uganda,1969-01-01,251574968.249055,13859722.7916842,84.7969330298311,,1168556627.69887,,,1150956179.72543,237715245.457371
Uganda,1970-01-01,294134117.02352,40739185.1755565,,,1259554807.64427,,,1244454709.66133,253394931.847963
Uganda,1971-01-01,280834383.031499,-58658826.7648047,,,1417191654.74969,,,1394724904.10717,339493209.796304
Uganda,1972-01-01,289094234.914242,38919223.8770748,,,1490970267.23326,,,1474141202.83663,250175011.037168
Uganda,1973-01-01,281676338.247037,57819248.357866,,,1701817876.60586,,,1687512862.56904,223857089.889171
Uganda,1974-01-01,308953521.57242,-6843455.94622804,,,2098944967.50769,,,2082949814.95337,315796977.518648
Uganda,1975-01-01,204111111.111111,-53444444.4444444,,,2359555555.55556,,,2355670000.0,257555555.555556
Uganda,1976-01-01,278700000.0,43600000.0,,,2447300000.0,,,2440373000.0,235100000.0
Uganda,1977-01-01,268764705.882353,39764705.8823529,,,2936470588.23529,,,2925612352.94118,229000000.0
Uganda,1978-01-01,330434782.608696,-126086956.521739,,,2420260869.56522,,,2413127391.30435,456521739.130435
Uganda,1979-01-01,415000000.0,40000000.0,,,2139025000.0,,,2128028750.0,375000000.0
Uganda,1980-01-01,242000000.0,-82000000.0,,,1244610000.0,,,1237210000.0,324000000.0
Uganda,1981-01-01,215000000.0,-80000000.0,,,1337300000.0,,,1324900000.0,295000000.0
Uganda,1982-01-01,182500000.0,-199000000.0,100.045924225029,,2177500000.0,,,2151200000.0,381500000.0
Uganda,1983-01-01,194000000.0,-111666666.666667,97.574765659872,,2240333333.33333,5.74455771307937,,2194633333.33333,305666666.666667
Uganda,1984-01-01,458913258.932308,-59033912.1819026,93.6974899429236,,3615647477.06862,-0.344676680158472,,3568647477.06844,517947171.114211
Uganda,1985-01-01,483554202.140013,-44693324.0577292,93.4398694777486,,3519695212.52773,-3.30638000677493,,3466695210.88706,528247526.197742
Uganda,1986-01-01,502571976.967369,-95262955.8541264,95.4265290743365,,3923244170.44145,0.390086943062727,,3879244173.51246,597834932.821495
Uganda,1987-01-01,517053682.728588,-614174498.267919,100.41620492346,,6269522147.44353,3.96190278946132,,6222522149.12353,1131228180.99651
Uganda,1988-01-01,492900000.0,-664216666.666667,99.7944109358831,,6508931651.66667,8.26707354577805,,6451931651.66667,1157116666.66667
Uganda,1989-01-01,419712424.825545,-534973265.340738,99.0624923178006,,5276480789.75396,6.36194124395438,,5210480791.61907,954685690.166283
Uganda,1990-01-01,311669539.053598,-522041941.194721,100.477049922697,,4304399314.79883,6.47414015255596,665.18300109782,4227399318.34477,833711480.248319
Uganda,1991-01-01,247948158.00488,-480765196.125071,100.766175282063,,3321729157.61296,5.55409549607184,702.492368657596,3263529158.42978,728713354.129951
Uganda,1992-01-01,250344411.991331,-443762231.352576,100.264867326716,,2857457760.91789,3.41835689136043,718.163366983624,2770457761.64643,694106643.343907
Uganda,1993-01-01,227444247.465385,-454558162.546498,93.8223908153021,,3220439044.18949,8.32629252048933,769.353067007864,3171539046.2031,682002410.011884
Uganda,1994-01-01,348784843.388843,-413340605.144292,92.295245519025,,3990430446.71216,6.40363574309315,808.595007159417,3929340448.07608,762125448.533135
Uganda,1995-01-01,678725716.853749,-520277743.546813,95.065148181932,,5755818844.54988,11.5232438086154,895.936776028159,5697748844.06822,1199003460.40056
Uganda,1996-01-01,722999697.873861,-692906552.187847,89.244373938373,,6044585326.938,9.07211458169775,968.475785685772,5998775326.95775,1415906250.06171
Uganda,1997-01-01,837552441.53814,-466409534.97977,85.9332401192437,,6269333313.17108,5.10000186341611,1005.72783897654,6252803313.16163,1303961976.51791
Uganda,1998-01-01,634713533.002364,-708909866.242191,93.9707407285096,,6584815846.52754,4.90526548422223,1035.65778742413,6576315846.57103,1343623399.24455
Uganda,1999-01-01,734918410.304017,-691128206.652989,91.5698777338539,3.87759518401116,5998563257.94659,8.05394837640696,1098.68771644721,5984563257.94659,1426046616.95701
Uganda,2000-01-01,659668069.160693,-708892333.087768,91.9623930361302,3.84451022436558,6193246837.09687,3.14190733850195,1123.10949570406,6085591049.05111,1368560402.24846
Uganda,2001-01-01,672714062.011288,-718020536.674237,92.9917520897649,5.96823170276452,5840503868.57246,5.18366112627659,1171.71741875295,5659788192.42484,1390734598.68552
Uganda,2002-01-01,692819583.930111,-855807413.535352,94.2439153564722,7.15101596598571,6178563590.89254,8.73268576387758,1254.29859006536,6044559884.89428,1548626997.46546
Uganda,2003-01-01,752307732.386307,-912561143.536964,92.7839578156619,4.71515708775087,6606884273.84919,6.47325867144963,1320.01235403011,6469792138.47763,1664868875.92327
Uganda,2004-01-01,1008067266.09026,-799214599.964726,89.7725659086576,3.9108095948706,7939487548.40605,6.8072333442985,1405.51228751309,7724779534.99619,1807281866.05499
Uganda,2005-01-01,1310093926.14274,-982580657.577953,88.1263105620908,3.48378005713888,9239221760.48232,6.33256511621872,1497.23122781253,8967082003.6932,2292674583.7207
Uganda,2006-01-01,1524126929.86368,-1305321669.87455,91.7466792214034,4.11938841618701,9977647685.28515,10.7847443862972,1660.76042841045,9728932906.49407,2829448599.73823
Uganda,2007-01-01,1990712068.57446,-1586288049.74848,91.158487176354,3.78962016066554,11902564496.6908,8.41242596545275,1795.67184025396,11673992996.5689,3577000118.32294
Uganda,2008-01-01,3506150679.45411,-1111619930.16979,84.7202096735033,5.01024518196067,14440404136.5669,8.70875190133074,1932.10455376682,14178292203.3154,4617770609.6239
Uganda,2009-01-01,4677180750.95161,-2471758272.8712,85.4363356318683,4.92506484512788,25127805566.4511,6.80151734798953,2017.06670250562,24723445791.285,7148939023.82281
Uganda,2010-01-01,3687465342.95978,-2832795042.79569,84.7566647759612,4.4657916296657,26673441432.4579,5.63761163805265,2094.43358222527,26231034500.5298,6520260385.75547
Uganda,2011-01-01,3583112055.01102,-3914243128.83772,87.1579499370225,5.64345177885597,27871725245.1688,9.39165549281067,2271.72782380035,27440502308.6556,7497355183.84875
Uganda,2012-01-01,4230158430.78888,-3418340124.0557,85.2472518061125,,27305915907.9939,3.83745560591568,2030.65095782,26729090959.8811,7648498554.84458
Uganda,2013-01-01,4774874142.70147,-2915602908.32883,79.6547384967637,,28915786520.3935,3.58690582633201,2038.31298834005,28273784947.0918,7690477051.03031
Uganda,2014-01-01,4874969923.52737,-1995219702.15541,76.4547759101568,,32612397253.2395,5.10630732438464,2121.45438054228,31865562072.9803,6870189625.68278
Uganda,2015-01-01,4170603009.61344,-3865296279.266,85.7053181675355,,32387183733.0207,5.18785986246098,2171.23714577409,31759208106.7055,8035899288.87944
Uganda,2016-01-01,3629227691.47159,-1855923174.95902,79.1350386824616,,29203988697.459,4.78100029146333,2141.12432937018,28691910473.7386,5485150866.43061
Uganda,2017-01-01,5122376576.34018,-1080604949.69298,78.9007514015454,,30744473839.7439,3.13140551787743,2128.39686875714,30021045433.7347,6202981526.03316
Uganda,2018-01-01,4967717827.01016,-2128501545.38627,80.9386521752083,,32927025621.3848,6.30392378088412,2239.48167615624,32000683484.283,7096219372.39644
Uganda,2019-01-01,6047736362.65024,-1817933676.17528,79.9495280481276,,35348155092.292,6.43874503364799,2345.44066975383,34432253659.2045,7865670038.82552
Uganda,2020-01-01,5796801307.53992,-2320666941.08239,80.7634034200133,,37605430214.347,2.95130642159407,2365.98841089943,36971961706.403,8117468248.62231
Uganda,2021-01-01,6392924499.44847,-4112443497.36242,82.0458134221725,,40510241365.9029,3.53658034070898,2478.82410137336,39830012896.6901,10505367996.8109
Uganda,2022-01-01,5467112517.91111,-4768211552.41082,80.7606752585244,,45559202048.7345,4.65013371219401,2693.81528630238,44778347590.1357,10235324070.3219
World,1960-01-01,,,,,1384857385930.82,,,1371925227417.03,
World,1961-01-01,,,,,1449220624663.54,3.79008101185802,,1436819565556.34,
World,1962-01-01,,,,,1550815493822.99,5.31485137723351,,1540689031187.59,
World,1963-01-01,,,,,1671446748430.4,5.18448263287155,,1654876358008.63,
World,1964-01-01,,,,,1830491675385.55,6.55780599982339,,1824346450847.29,
World,1965-01-01,,,,,1994103484703.31,5.54906130401103,,1991170971501.16,
World,1966-01-01,,,,,2164118096871.42,5.71256921658443,,2154071878928.58,
World,1967-01-01,,,,,2302576793880.13,4.15277939224556,,2295362968137.06,
World,1968-01-01,,,,,2484674455063.36,5.94186323744883,,2496730580836.58,
World,1969-01-01,,,,,2740499243838.15,5.815589521314,,2756113793931.55,
World,1970-01-01,383861453847.642,,,,2997270495500.1,3.96036896120214,,3008293663887.31,383220190241.094
World,1971-01-01,430749937368.008,,,,3310475491926.64,4.27665293503532,,3321856524400.42,427042157586.949
World,1972-01-01,510931866276.075,,,,3816822738898.9,5.61603705936842,,3838365163035.39,503252747350.836
World,1973-01-01,699858352049.61,,,,4657445187869.56,6.40689518840449,,4681656843705.14,684579305033.132
World,1974-01-01,970702366249.241,,,,5366817636381.23,1.79699925125662,,5384231386591.86,975760097964.055
World,1975-01-01,1030515801945.55,,,,5977972780215.23,0.635457229782816,,5996493864582.3,1030755047286.31
World,1976-01-01,1150132843717.9,,,,6498746015379.63,5.30431009512118,,6509727295268.81,1161867845697.42
World,1977-01-01,1305632358766.29,,,,7349730997168.27,4.0999712913449,,7354450242497.27,1331563792538.08
World,1978-01-01,1519299713205.53,,,,8690496944982.16,4.13666598411922,,8697782549581.0,1538502505632.73
World,1979-01-01,1909064016596.62,,,,10053770929850.0,4.17610921687559,,10032299851386.4,1943776763622.7
World,1980-01-01,2310280958818.02,,,,11337132638434.1,1.86860405415963,,11281479220557.0,2362108722402.9
World,1981-01-01,2307063958051.58,,,,11728414403391.6,1.95200036443033,,11678208766696.8,2369299626163.83
World,1982-01-01,2166665791115.17,,,,11610171959211.8,0.303378671491245,,11573061570570.2,2253531856743.56
World,1983-01-01,2131092353102.69,,,,11840481044980.5,2.62459410769596,,11785432123185.0,2199722502459.74
World,1984-01-01,2255732805625.52,,,,12311633033275.5,4.70969554606727,,12294334287013.5,2318509088375.44
World,1985-01-01,2290522801019.14,,,,12897178603739.5,3.72072678868901,,12870793667670.1,2355948787249.2
World,1986-01-01,2557313748944.53,,,,15252515336773.9,3.39527814097342,,15188500004609.2,2618480188849.37
World,1987-01-01,3026848856478.22,,,,17372959408471.9,3.74768179018336,,17324355820960.3,3068838259154.66
World,1988-01-01,3471329725481.79,,,,19394022898347.0,4.63338150040353,,19465390396734.7,3524029045126.52
World,1989-01-01,3760587076391.35,,,,20266663642625.5,3.70637023082089,,20309158794318.9,3834206849309.99
World,1990-01-01,4317411856481.85,,,,22861712031487.8,2.7991263587144,5559.33939084441,22786619106295.8,4383457305885.77
World,1991-01-01,4471552356933.52,,,,23834453957464.6,1.36983364459779,5760.62530373994,23770603695811.9,4461041165438.36
World,1992-01-01,5054025277542.16,,,,25484024569814.2,2.0404032248706,5926.19164141308,25419105361234.7,4951458379733.97
World,1993-01-01,4892345334037.57,,,,25905901713517.0,1.84828317025408,6088.04115862903,25880113043691.4,4783330889700.07
World,1994-01-01,5434687573693.72,,,,27899567789057.4,3.33476050181328,6328.52920696822,27793845521418.7,5318161256069.99
World,1995-01-01,6437985488723.42,,,,31051499245623.4,3.08140348667946,6583.3207005198,30890292934996.3,6308123834093.45
World,1996-01-01,6734213330207.61,,,,31745724938568.6,3.54791517519246,6872.2101476277,31594018718131.8,6620219159375.66
World,1997-01-01,6995540274033.17,,,,31629694547537.6,3.89442812195422,7161.34994673719,31529790496120.3,6841354759703.18
World,1998-01-01,6921727839232.95,,,,31552853706969.6,2.82017596866615,7296.74752763666,31518089347953.9,6797721495616.39
World,1999-01-01,7183470144607.79,,,,32752012211615.9,3.55302768286609,7551.69508658436,32709250910622.9,7098909386684.59
World,2000-01-01,7980536653845.93,,,,33845583188359.9,4.51553633529578,8007.34818625796,33871196887332.7,7949267299625.37
World,2001-01-01,7731246847094.98,,,,33631012546213.1,2.00977522486869,8284.43859886275,33673737558614.1,7744665821439.25
World,2002-01-01,8117216630659.56,,,,34925116624464.4,2.30481922251641,8568.50838130607,34896036279546.8,8046748499377.47
World,2003-01-01,9396176295449.84,,,,39161645364740.6,3.1112933872447,8939.39499035972,39070706352443.0,9327241881637.02
World,2004-01-01,11415722742325.7,,,,44133615904574.9,4.47156106951971,9542.30555253872,44065307984180.2,11294312724931.3
World,2005-01-01,12981277335805.8,,,,47793587715631.1,4.00488820280232,10150.7411161938,47731239575063.6,12811381488135.0
World,2006-01-01,14962790689319.8,,,,51791096256796.5,4.42171690200392,10976.8933305614,51883706864249.4,14656824919251.5
World,2007-01-01,17395254398627.9,,,,58361096784020.2,4.38149556400229,11740.3079122753,58185920286737.5,17003165999336.5
World,2008-01-01,19886419559480.9,,,,64135192896903.2,2.07026493319722,12278.8067438933,63662367634667.6,19501699686548.2
World,2009-01-01,16040947738631.6,,,,60817919586141.3,-1.34164620915107,12228.184410994,60484951578284.1,15687962364610.5
World,2010-01-01,19149712580835.5,,,,66619781549531.8,4.5403329479701,12875.3517788658,66421134349162.0,18590978968268.6
World,2011-01-01,22579414204540.2,,,,73881739609759.5,3.32009325975173,13563.2493787825,73724477534551.4,21934808381212.1
World,2012-01-01,22924377767644.1,,,,75525948524603.4,2.71019097018707,14089.9030588016,75587782994032.4,22193569618837.3
World,2013-01-01,23515453901554.3,,,,77635152493358.3,2.8092459780017,14590.8410008922,77565873964380.6,22782296784750.2
World,2014-01-01,23908529509732.9,,,,79756517210010.9,3.07353130095234,14956.238817983,79961848088826.0,23302492854897.9
World,2015-01-01,21290411864431.3,,,,75215062596594.9,3.08293692967392,15094.4057611141,75363806600631.4,20755747919940.9
World,2016-01-01,20887730291294.3,,,,76486454870400.4,2.80863096121753,15520.9901088127,76512777266887.1,20367650812525.1
World,2017-01-01,23030259711077.4,,,,81442048665487.9,3.38986540537709,16169.6898749492,81595362959785.9,22451888375862.3
World,2018-01-01,25228824999041.8,,,,86502223934428.3,3.28804978128619,16974.6970310512,86550903862987.6,24682780423651.1
World,2019-01-01,24817404034197.0,,,,87728102156403.0,2.59455008252216,17628.44277178,87811555679540.2,24369730958871.4
World,2020-01-01,22482541165066.1,,,,85215150558552.1,-3.07222549347183,17219.3027290922,85267574223765.8,21835338678918.8
World,2021-01-01,27983083234948.2,,,,96882397612409.2,6.02381276408917,18780.780368093,96826436496510.5,27070930506024.7
World,2022-01-01,30773347461968.7,,,,100562011134034.0,3.08032177798054,20645.4835628456,100342265326072.0,30309929634836.2
